chandas,kind,syllables_per_pada,lg,exists_in_dge,texts_in_dge_corpus,audio_examples,unique_texts_with_audio,padas_with_audio,high_confidence_audio,quality_A_or_B,speaker_groups,has_strong_reference,reference_human_verified,coverage_status
अनुष्टुप्,anushtubh_rule,8,"rule: 5th L, 6th G; 7th L in even pādas (pathyā)",True,2848,548,396,1584,181,499,13,True,False,🟢 GOOD COVERAGE
स्वागता,sama,11,GLGLLLGLLGG,True,158,157,157,628,157,60,2,True,False,🟢 GOOD COVERAGE
उपजाति,inferred/label,,,False,424,135,135,540,133,95,3,False,,🟢 GOOD COVERAGE
शालिनी,sama,11,GGGGGLGGLGG,True,98,96,96,384,96,80,2,True,False,🟢 GOOD COVERAGE
मञ्जुभाषिणी,sama,13,LLGLGLLLGLGLG,True,88,88,88,352,88,54,2,True,False,🟢 GOOD COVERAGE
वंशस्थ,sama,12,LGLGGLLGLGLG,True,143,81,81,324,81,48,2,True,False,🟢 GOOD COVERAGE
रथोद्धता,sama,11,GLGLLLGLGLG,True,96,77,77,308,77,40,2,True,False,🟢 GOOD COVERAGE
प्रमिताक्षरा,sama,12,LLGLGLLLGLLG,True,70,69,69,276,69,69,1,True,False,🟢 GOOD COVERAGE
वसन्ततिलका,sama,14,GGLGLLLGLLGLGG,True,717,67,67,268,67,64,3,True,False,🟢 GOOD COVERAGE
द्रुतविलम्बित,sama,12,LLLGLLGLLGLG,True,65,63,63,252,63,54,2,True,False,🟢 GOOD COVERAGE
प्रहर्षिणी,sama,13,GGGLLLLGLGLGG,True,52,52,52,208,52,50,2,True,False,🟢 GOOD COVERAGE
मालिनी,sama,15,LLLLLLGGGLGGLGG,True,57,49,49,196,49,48,2,True,False,🟢 GOOD COVERAGE
इन्द्रवज्रा,sama,11,GGLGGLLGLGG,True,51,20,18,72,16,11,3,True,False,🟢 GOOD COVERAGE
शार्दूलविक्रीडित,sama,19,GGGLLGLGLLLGGGLGGLG,True,49,19,16,64,15,9,3,True,False,🟢 GOOD COVERAGE
उपेन्द्रवज्रा,sama,11,LGLGGLLGLGG,True,48,12,12,48,12,4,2,True,False,🟢 GOOD COVERAGE
मात्रासमक,matra,,,True,5,5,5,20,5,2,2,True,False,🟡 LIMITED COVERAGE
स्रग्धरा,sama,21,GGGGLGGLLLLLLGGLGGLGG,True,19,4,4,16,4,2,2,True,False,🟡 LIMITED COVERAGE
इन्द्रवंशा,sama,12,GGLGGLLGLGLG,True,7,4,4,16,4,4,1,True,False,🟡 LIMITED COVERAGE
तोटक,sama,12,LLGLLGLLGLLG,True,15,3,3,12,3,3,1,True,False,🟡 LIMITED COVERAGE
पृथ्वी,sama,17,LGLLLGLGLLLGLGGLG,True,6,3,3,12,3,3,1,True,False,🟡 LIMITED COVERAGE
शिखरिणी,sama,17,LGGGGGLLLLLGGLLLG,True,4,3,3,12,3,3,1,True,False,🟡 LIMITED COVERAGE
आर्या,matra,,,True,2,2,2,8,2,2,1,True,False,🟠 NEEDS MORE EXAMPLES
इन्दुवदना,sama,14,GLLLGLLLGLLLGG,True,2,2,2,8,2,1,2,True,False,🟠 NEEDS MORE EXAMPLES
मन्दाक्रान्ता,sama,17,GGGGLLLLLGGLGGLGG,True,2,2,2,8,2,2,1,True,False,🟠 NEEDS MORE EXAMPLES
"वियोगिनी, वैतालीय, सुन्दरी",ardhasama,10,LLGLLGLGLG|LLGGLLGLGLG,True,2,2,2,8,2,2,1,True,False,🟠 NEEDS MORE EXAMPLES
दोधक,sama,11,GLLGLLGLLGG,True,4,1,1,4,1,1,1,True,False,🟠 NEEDS MORE EXAMPLES
भुजङ्गप्रयात,sama,12,LGGLGGLGGLGG,True,4,1,1,4,1,1,1,True,False,🟠 NEEDS MORE EXAMPLES
अन्यविधोद्गता,vishama,10,LLGLGLLLGL|LLLLLGLGLG|GLLLLLGLLG|LLGLGLLLGLGLG,True,1,1,1,4,1,1,1,True,False,🟠 NEEDS MORE EXAMPLES
आर्यागीति,matra,,,True,1,1,1,4,1,1,1,True,False,🟠 NEEDS MORE EXAMPLES
उपगीति,matra,,,True,1,1,1,4,1,1,1,True,False,🟠 NEEDS MORE EXAMPLES
"औपच्छन्दसिक, पुष्पिताग्रा",ardhasama,12,LLLLLLGLGLGG|LLLLGLLGLGLGG,True,1,1,1,4,1,1,1,True,False,🟠 NEEDS MORE EXAMPLES
मणिमाला,sama,12,GGLLGGGGLLGG,True,1,1,1,4,1,1,1,True,False,🟠 NEEDS MORE EXAMPLES
माणवक,sama,8,GLLGGLLG,True,1,1,1,4,1,1,1,True,False,🟠 NEEDS MORE EXAMPLES
रुचिरा,sama,13,LGLGLLLLGLGLG,True,1,1,1,4,1,1,1,True,False,🟠 NEEDS MORE EXAMPLES
वसन्तमालिका,ardhasama,11,LLGLLGLGLGG|LLGGLLGLGLGG,True,1,1,1,4,1,1,1,True,False,🟠 NEEDS MORE EXAMPLES
वातोर्मी,sama,11,GGGGLLGGLGG,True,1,1,1,4,1,1,1,True,False,🟠 NEEDS MORE EXAMPLES
विद्युन्माला,sama,8,GGGGGGGG,True,1,1,1,4,1,1,1,True,False,🟠 NEEDS MORE EXAMPLES
स्रग्विणी,sama,12,GLGGLGGLGGLG,True,1,1,1,4,1,1,1,True,False,🟠 NEEDS MORE EXAMPLES
हरिणी,sama,17,LLLLLGGGGGLGLLGLG,True,1,1,1,4,1,1,1,True,False,🟠 NEEDS MORE EXAMPLES
पञ्चचामर,sama,16,LGLGLGLGLGLGLGLG,True,6,0,0,0,0,0,0,False,False,🔴 NO AUDIO
क्रौञ्चपदा,sama,25,GLLGGGLLGGLLLLLLLLLLLLLLG,True,2,0,0,0,0,0,0,False,False,🔴 NO AUDIO
वैतालीय,matra,,,True,1,0,0,0,0,0,0,False,False,🔴 NO AUDIO
अतिरेखा,sama,15,LLLLGLGLLLGLGLG,True,0,0,0,0,0,0,0,False,False,🔴 NO AUDIO
अतिशायिनी,sama,17,LLGLLGLGLGLLLGLGG,True,0,0,0,0,0,0,0,False,False,🔴 NO AUDIO
अद्रितनया,sama,23,LLLLGLGLLLGLGLLLGLGLLLG,True,0,0,0,0,0,0,0,False,False,🔴 NO AUDIO
अनवसिता,sama,11,LLLLGGGLLGG,True,0,0,0,0,0,0,0,False,False,🔴 NO AUDIO
अनुष्टुभ्,ardhasama,8,LLLLLGGL|LLLLLGLL,True,0,0,0,0,0,0,0,False,False,🔴 NO AUDIO
अपरवक्त्र,ardhasama,11,LLLLLLGLGLG|LLLLGLLGLGLG,True,0,0,0,0,0,0,0,False,False,🔴 NO AUDIO
अपराजिता,sama,14,LLLLLLGLGLLGLG,True,0,0,0,0,0,0,0,False,False,🔴 NO AUDIO
अपवाह,sama,26,GGGLLLLLLLLLLLLLLLLLLLLGGG,True,0,0,0,0,0,0,0,False,False,🔴 NO AUDIO
असम्बाधा,sama,14,GGGGGLLLLLLGGG,True,0,0,0,0,0,0,0,False,False,🔴 NO AUDIO
आर्या - विपुला,matra,,,True,0,0,0,0,0,0,0,False,False,🔴 NO AUDIO
उज्ज्वला,sama,12,LLLLLLGLLGLG,True,0,0,0,0,0,0,0,False,False,🔴 NO AUDIO
उद्गता,vishama,10,LLGLGLLLGL|LLLLLGLGLG|GLLLLLLGLLG|LLGLGLLLGLGLG,True,0,0,0,0,0,0,0,False,False,🔴 NO AUDIO
उद्गीति,matra,,,True,0,0,0,0,0,0,0,False,False,🔴 NO AUDIO
उपचित्र,sama,11,LLGLLGLLGLG,True,0,0,0,0,0,0,0,False,False,🔴 NO AUDIO
उपचित्र,ardhasama,11,LLGLLGLLGLG|GLLGLLGLLGG,True,0,0,0,0,0,0,0,False,False,🔴 NO AUDIO
उपजाति (आर्द्रा),upajati,11,LGLGGLLGLGG|GGLGGLLGLGG|GGLGGLLGLGG|LGLGGLLGLGG,True,0,0,0,0,0,0,0,False,False,🔴 NO AUDIO
उपजाति (ऋद्धि),upajati,11,GGLGGLLGLGG|LGLGGLLGLGG|GGLGGLLGLGG|GGLGGLLGLGG,True,0,0,0,0,0,0,0,False,False,🔴 NO AUDIO
उपजाति (कीर्ति),upajati,11,LGLGGLLGLGG|GGLGGLLGLGG|GGLGGLLGLGG|GGLGGLLGLGG,True,0,0,0,0,0,0,0,False,False,🔴 NO AUDIO
उपजाति (जाया),upajati,11,GGLGGLLGLGG|LGLGGLLGLGG|LGLGGLLGLGG|GGLGGLLGLGG,True,0,0,0,0,0,0,0,False,False,🔴 NO AUDIO
उपजाति (प्रेमा),upajati,11,LGLGGLLGLGG|LGLGGLLGLGG|GGLGGLLGLGG|LGLGGLLGLGG,True,0,0,0,0,0,0,0,False,False,🔴 NO AUDIO
उपजाति (बाला),upajati,11,GGLGGLLGLGG|GGLGGLLGLGG|GGLGGLLGLGG|LGLGGLLGLGG,True,0,0,0,0,0,0,0,False,False,🔴 NO AUDIO
उपजाति (भद्रा),upajati,11,GGLGGLLGLGG|LGLGGLLGLGG|GGLGGLLGLGG|LGLGGLLGLGG,True,0,0,0,0,0,0,0,False,False,🔴 NO AUDIO
उपजाति (माया),upajati,11,LGLGGLLGLGG|LGLGGLLGLGG|LGLGGLLGLGG|GGLGGLLGLGG,True,0,0,0,0,0,0,0,False,False,🔴 NO AUDIO
उपजाति (माला),upajati,11,LGLGGLLGLGG|LGLGGLLGLGG|GGLGGLLGLGG|GGLGGLLGLGG,True,0,0,0,0,0,0,0,False,False,🔴 NO AUDIO
उपजाति (रामा),upajati,11,GGLGGLLGLGG|GGLGGLLGLGG|LGLGGLLGLGG|LGLGGLLGLGG,True,0,0,0,0,0,0,0,False,False,🔴 NO AUDIO
उपजाति (वंशस्थ-इन्द्रवंशा १),upajati,12,GGLGGLLGLGLG|LGLGGLLGLGLG|LGLGGLLGLGLG|LGLGGLLGLGLG,True,0,0,0,0,0,0,0,False,False,🔴 NO AUDIO
उपजाति (वंशस्थ-इन्द्रवंशा १०),upajati,12,LGLGGLLGLGLG|GGLGGLLGLGLG|LGLGGLLGLGLG|GGLGGLLGLGLG,True,0,0,0,0,0,0,0,False,False,🔴 NO AUDIO
उपजाति (वंशस्थ-इन्द्रवंशा ११),upajati,12,GGLGGLLGLGLG|GGLGGLLGLGLG|LGLGGLLGLGLG|GGLGGLLGLGLG,True,0,0,0,0,0,0,0,False,False,🔴 NO AUDIO
उपजाति (वंशस्थ-इन्द्रवंशा १२),upajati,12,LGLGGLLGLGLG|LGLGGLLGLGLG|GGLGGLLGLGLG|GGLGGLLGLGLG,True,0,0,0,0,0,0,0,False,False,🔴 NO AUDIO
उपजाति (वंशस्थ-इन्द्रवंशा १३),upajati,12,GGLGGLLGLGLG|LGLGGLLGLGLG|GGLGGLLGLGLG|GGLGGLLGLGLG,True,0,0,0,0,0,0,0,False,False,🔴 NO AUDIO
उपजाति (वंशस्थ-इन्द्रवंशा १४),upajati,12,LGLGGLLGLGLG|GGLGGLLGLGLG|GGLGGLLGLGLG|GGLGGLLGLGLG,True,0,0,0,0,0,0,0,False,False,🔴 NO AUDIO
उपजाति (वंशस्थ-इन्द्रवंशा २),upajati,12,LGLGGLLGLGLG|GGLGGLLGLGLG|LGLGGLLGLGLG|LGLGGLLGLGLG,True,0,0,0,0,0,0,0,False,False,🔴 NO AUDIO
उपजाति (वंशस्थ-इन्द्रवंशा ३),upajati,12,GGLGGLLGLGLG|GGLGGLLGLGLG|LGLGGLLGLGLG|LGLGGLLGLGLG,True,0,0,0,0,0,0,0,False,False,🔴 NO AUDIO
उपजाति (वंशस्थ-इन्द्रवंशा ४),upajati,12,LGLGGLLGLGLG|LGLGGLLGLGLG|GGLGGLLGLGLG|LGLGGLLGLGLG,True,0,0,0,0,0,0,0,False,False,🔴 NO AUDIO
उपजाति (वंशस्थ-इन्द्रवंशा ५),upajati,12,GGLGGLLGLGLG|LGLGGLLGLGLG|GGLGGLLGLGLG|LGLGGLLGLGLG,True,0,0,0,0,0,0,0,False,False,🔴 NO AUDIO
उपजाति (वंशस्थ-इन्द्रवंशा ६),upajati,12,GGLGGLLGLGLG|GGLGGLLGLGLG|GGLGGLLGLGLG|LGLGGLLGLGLG,True,0,0,0,0,0,0,0,False,False,🔴 NO AUDIO
उपजाति (वंशस्थ-इन्द्रवंशा ७),upajati,12,LGLGGLLGLGLG|GGLGGLLGLGLG|GGLGGLLGLGLG|LGLGGLLGLGLG,True,0,0,0,0,0,0,0,False,False,🔴 NO AUDIO
उपजाति (वंशस्थ-इन्द्रवंशा ८),upajati,12,LGLGGLLGLGLG|LGLGGLLGLGLG|LGLGGLLGLGLG|GGLGGLLGLGLG,True,0,0,0,0,0,0,0,False,False,🔴 NO AUDIO
उपजाति (वंशस्थ-इन्द्रवंशा ९),upajati,12,GGLGGLLGLGLG|LGLGGLLGLGLG|LGLGGLLGLGLG|GGLGGLLGLGLG,True,0,0,0,0,0,0,0,False,False,🔴 NO AUDIO
उपजाति (वाणी),upajati,11,GGLGGLLGLGG|LGLGGLLGLGG|GGLGGLLGLGG|GGLGGLLGLGG,True,0,0,0,0,0,0,0,False,False,🔴 NO AUDIO
उपजाति (शार्दूलविक्रीडित-स्रग्धरा १),upajati,19,GGGLLGLGLLLGGGLGGLG|GGGGLGGLLLLLLGGLGGLGG|GGGGLGGLLLLLLGGLGGLGG|GGGGLGGLLLLLLGGLGGLGG,True,0,0,0,0,0,0,0,False,False,🔴 NO AUDIO
उपजाति (शार्दूलविक्रीडित-स्रग्धरा १०),upajati,21,GGGGLGGLLLLLLGGLGGLGG|GGGLLGLGLLLGGGLGGLG|GGGGLGGLLLLLLGGLGGLGG|GGGLLGLGLLLGGGLGGLG,True,0,0,0,0,0,0,0,False,False,🔴 NO AUDIO
उपजाति (शार्दूलविक्रीडित-स्रग्धरा ११),upajati,19,GGGLLGLGLLLGGGLGGLG|GGGLLGLGLLLGGGLGGLG|GGGGLGGLLLLLLGGLGGLGG|GGGLLGLGLLLGGGLGGLG,True,0,0,0,0,0,0,0,False,False,🔴 NO AUDIO
उपजाति (शार्दूलविक्रीडित-स्रग्धरा १२),upajati,21,GGGGLGGLLLLLLGGLGGLGG|GGGGLGGLLLLLLGGLGGLGG|GGGLLGLGLLLGGGLGGLG|GGGLLGLGLLLGGGLGGLG,True,0,0,0,0,0,0,0,False,False,🔴 NO AUDIO
उपजाति (शार्दूलविक्रीडित-स्रग्धरा १३),upajati,19,GGGLLGLGLLLGGGLGGLG|GGGGLGGLLLLLLGGLGGLGG|GGGLLGLGLLLGGGLGGLG|GGGLLGLGLLLGGGLGGLG,True,0,0,0,0,0,0,0,False,False,🔴 NO AUDIO
उपजाति (शार्दूलविक्रीडित-स्रग्धरा १४),upajati,21,GGGGLGGLLLLLLGGLGGLGG|GGGLLGLGLLLGGGLGGLG|GGGLLGLGLLLGGGLGGLG|GGGLLGLGLLLGGGLGGLG,True,0,0,0,0,0,0,0,False,False,🔴 NO AUDIO
उपजाति (शार्दूलविक्रीडित-स्रग्धरा २),upajati,21,GGGGLGGLLLLLLGGLGGLGG|GGGLLGLGLLLGGGLGGLG|GGGGLGGLLLLLLGGLGGLGG|GGGGLGGLLLLLLGGLGGLGG,True,0,0,0,0,0,0,0,False,False,🔴 NO AUDIO
उपजाति (शार्दूलविक्रीडित-स्रग्धरा ३),upajati,19,GGGLLGLGLLLGGGLGGLG|GGGLLGLGLLLGGGLGGLG|GGGGLGGLLLLLLGGLGGLGG|GGGGLGGLLLLLLGGLGGLGG,True,0,0,0,0,0,0,0,False,False,🔴 NO AUDIO
उपजाति (शार्दूलविक्रीडित-स्रग्धरा ४),upajati,21,GGGGLGGLLLLLLGGLGGLGG|GGGGLGGLLLLLLGGLGGLGG|GGGLLGLGLLLGGGLGGLG|GGGGLGGLLLLLLGGLGGLGG,True,0,0,0,0,0,0,0,False,False,🔴 NO AUDIO
उपजाति (शार्दूलविक्रीडित-स्रग्धरा ५),upajati,19,GGGLLGLGLLLGGGLGGLG|GGGGLGGLLLLLLGGLGGLGG|GGGLLGLGLLLGGGLGGLG|GGGGLGGLLLLLLGGLGGLGG,True,0,0,0,0,0,0,0,False,False,🔴 NO AUDIO
उपजाति (शार्दूलविक्रीडित-स्रग्धरा ६),upajati,19,GGGLLGLGLLLGGGLGGLG|GGGLLGLGLLLGGGLGGLG|GGGLLGLGLLLGGGLGGLG|GGGGLGGLLLLLLGGLGGLGG,True,0,0,0,0,0,0,0,False,False,🔴 NO AUDIO
उपजाति (शार्दूलविक्रीडित-स्रग्धरा ७),upajati,21,GGGGLGGLLLLLLGGLGGLGG|GGGLLGLGLLLGGGLGGLG|GGGLLGLGLLLGGGLGGLG|GGGGLGGLLLLLLGGLGGLGG,True,0,0,0,0,0,0,0,False,False,🔴 NO AUDIO
उपजाति (शार्दूलविक्रीडित-स्रग्धरा ८),upajati,21,GGGGLGGLLLLLLGGLGGLGG|GGGGLGGLLLLLLGGLGGLGG|GGGGLGGLLLLLLGGLGGLGG|GGGLLGLGLLLGGGLGGLG,True,0,0,0,0,0,0,0,False,False,🔴 NO AUDIO
उपजाति (शार्दूलविक्रीडित-स्रग्धरा ९),upajati,19,GGGLLGLGLLLGGGLGGLG|GGGGLGGLLLLLLGGLGGLGG|GGGGLGGLLLLLLGGLGGLGG|GGGLLGLGLLLGGGLGGLG,True,0,0,0,0,0,0,0,False,False,🔴 NO AUDIO
उपजाति (शाला),upajati,11,GGLGGLLGLGG|GGLGGLLGLGG|LGLGGLLGLGG|GGLGGLLGLGG,True,0,0,0,0,0,0,0,False,False,🔴 NO AUDIO
उपजाति (सिद्धि/बुद्धि),upajati,11,GGLGGLLGLGG|LGLGGLLGLGG|LGLGGLLGLGG|LGLGGLLGLGG,True,0,0,0,0,0,0,0,False,False,🔴 NO AUDIO
उपजाति (हंसी),upajati,11,LGLGGLLGLGG|GGLGGLLGLGG|LGLGGLLGLGG|GGLGGLLGLGG,True,0,0,0,0,0,0,0,False,False,🔴 NO AUDIO
उपमालिनी,sama,15,LLLLLLGGLGLLGLG,True,0,0,0,0,0,0,0,False,False,🔴 NO AUDIO
उपस्थित,sama,11,LGLLLGGGLGG,True,0,0,0,0,0,0,0,False,False,🔴 NO AUDIO
उपस्थिता,sama,10,GGLLGLLGLG,True,0,0,0,0,0,0,0,False,False,🔴 NO AUDIO
ऋषभ,sama,15,LLGLGLLLGLLGLGG,True,0,0,0,0,0,0,0,False,False,🔴 NO AUDIO
ऋषभगजविलसित,sama,16,GLLGLGLLLLLLLLLG,True,0,0,0,0,0,0,0,False,False,🔴 NO AUDIO
एला,sama,15,LLGLGLLLLLLLLGG,True,0,0,0,0,0,0,0,False,False,🔴 NO AUDIO
औपच्छन्दसिक,matra,,,True,0,0,0,0,0,0,0,False,False,🔴 NO AUDIO
कन्या,sama,4,GGGG,True,0,0,0,0,0,0,0,False,False,🔴 NO AUDIO
कलहंस,sama,13,LLGLGLLLGLLGG,True,0,0,0,0,0,0,0,False,False,🔴 NO AUDIO
कामक्रीडा,sama,15,GGGGGGGGGGGGGGG,True,0,0,0,0,0,0,0,False,False,🔴 NO AUDIO
कुटजगति,sama,13,LLLLGLGGGGGLG,True,0,0,0,0,0,0,0,False,False,🔴 NO AUDIO
कुटिल,sama,14,LLGGLLLLLLGGGG,True,0,0,0,0,0,0,0,False,False,🔴 NO AUDIO
कुपुरुषजनिता,sama,11,LLLLLLGLGGG,True,0,0,0,0,0,0,0,False,False,🔴 NO AUDIO
कुमारललिता,sama,7,LGLLLGG,True,0,0,0,0,0,0,0,False,False,🔴 NO AUDIO
कुमारी,sama,14,LLLLGLGLLLGLGG,True,0,0,0,0,0,0,0,False,False,🔴 NO AUDIO
कुसुममालिका,sama,11,LLLGLGGLGLG,True,0,0,0,0,0,0,0,False,False,🔴 NO AUDIO
कुसुमविचित्रा,sama,12,LLLLGGLLLLGG,True,0,0,0,0,0,0,0,False,False,🔴 NO AUDIO
कुसुमितलतावेल्लिता,sama,18,GGGGGLLLLLGGLGGLGG,True,0,0,0,0,0,0,0,False,False,🔴 NO AUDIO
क्षमा,sama,13,LLLLLLGGLGGLG,True,0,0,0,0,0,0,0,False,False,🔴 NO AUDIO
गजगति,sama,8,LLLGLLLG,True,0,0,0,0,0,0,0,False,False,🔴 NO AUDIO
गीति,matra,,,True,0,0,0,0,0,0,0,False,False,🔴 NO AUDIO
गीतिका,sama,20,LLGLGLLLGGLLGLGLLGLG,True,0,0,0,0,0,0,0,False,False,🔴 NO AUDIO
चकिता,sama,16,GLLLLGGGGGGLLLLG,True,0,0,0,0,0,0,0,False,False,🔴 NO AUDIO
चक्रपद,sama,14,GLLLLLLLLLLLLG,True,0,0,0,0,0,0,0,False,False,🔴 NO AUDIO
चण्डी,sama,13,LLLLLLLLGLLGG,True,0,0,0,0,0,0,0,False,False,🔴 NO AUDIO
चन्द्रकान्ता,sama,15,GLGGLGGGGLLGLGG,True,0,0,0,0,0,0,0,False,False,🔴 NO AUDIO
चन्द्रलेखा,sama,15,GGGGLGGGGLGGLGG,True,0,0,0,0,0,0,0,False,False,🔴 NO AUDIO
चन्द्रवर्त्म,sama,12,GLGLLLGLLLLG,True,0,0,0,0,0,0,0,False,False,🔴 NO AUDIO
चन्द्रौरस,sama,14,GGGGLLLLLLGGLG,True,0,0,0,0,0,0,0,False,False,🔴 NO AUDIO
चित्र,sama,16,GLGLGLGLGLGLGLGG,True,0,0,0,0,0,0,0,False,False,🔴 NO AUDIO
चित्रपदा,sama,8,GLLGLLGG,True,0,0,0,0,0,0,0,False,False,🔴 NO AUDIO
चित्रलेखा,sama,18,GGGGLLLLLLGGLGGLGG,True,0,0,0,0,0,0,0,False,False,🔴 NO AUDIO
चित्रा,sama,15,GGGGGGGGGLGGLGG,True,0,0,0,0,0,0,0,False,False,🔴 NO AUDIO
जलधरमाला,sama,12,GGGGLLLLGGGG,True,0,0,0,0,0,0,0,False,False,🔴 NO AUDIO
जलोद्धतगति,sama,12,LGLLLGLGLLLG,True,0,0,0,0,0,0,0,False,False,🔴 NO AUDIO
तनुमध्या,sama,6,GGLLGG,True,0,0,0,0,0,0,0,False,False,🔴 NO AUDIO
तन्वी,sama,24,GLLGGLLLLLLGGLLGLLLLLLGG,True,0,0,0,0,0,0,0,False,False,🔴 NO AUDIO
तरलनयन,sama,12,LLLLLLLLLLLL,True,0,0,0,0,0,0,0,False,False,🔴 NO AUDIO
तरलि,sama,18,GLLLLGLLLLGLLLLGLG,True,0,0,0,0,0,0,0,False,False,🔴 NO AUDIO
तामरस,sama,12,LLLLGLLGLLGG,True,0,0,0,0,0,0,0,False,False,🔴 NO AUDIO
तारका,sama,18,LLLLLLGLGGLGGLGGLG,True,0,0,0,0,0,0,0,False,False,🔴 NO AUDIO
तूणक,sama,15,GLGLGLGLGLGLGLG,True,0,0,0,0,0,0,0,False,False,🔴 NO AUDIO
त्वरितगति,sama,10,LLLLGLLLLG,True,0,0,0,0,0,0,0,False,False,🔴 NO AUDIO
दीपकमाला,sama,10,GLLGGGLGLG,True,0,0,0,0,0,0,0,False,False,🔴 NO AUDIO
द्रुतपद,sama,12,LLLGLLLLLLGG,True,0,0,0,0,0,0,0,False,False,🔴 NO AUDIO
नदी १,sama,6,GGGGLG,True,0,0,0,0,0,0,0,False,False,🔴 NO AUDIO
नदी २,sama,14,LLLLLLGGLLGLGG,True,0,0,0,0,0,0,0,False,False,🔴 NO AUDIO
नन्दन,sama,18,LLLLGLGLLLGLGLGGLG,True,0,0,0,0,0,0,0,False,False,🔴 NO AUDIO
नर्दटक,sama,17,LLLLGLGLLLGLLGLLG,True,0,0,0,0,0,0,0,False,False,🔴 NO AUDIO
नलिनी,sama,15,LLGLLGLLGLLGLLG,True,0,0,0,0,0,0,0,False,False,🔴 NO AUDIO
नवमालिनी,sama,12,LLLLGLGLLLGG,True,0,0,0,0,0,0,0,False,False,🔴 NO AUDIO
नान्दीमुखी,sama,14,LLLLLLGGLGGLGG,True,0,0,0,0,0,0,0,False,False,🔴 NO AUDIO
नाराचिका,sama,8,GGLGLGLG,True,0,0,0,0,0,0,0,False,False,🔴 NO AUDIO
निशिपालक,sama,15,GLLLGLLLGLLLGLG,True,0,0,0,0,0,0,0,False,False,🔴 NO AUDIO
पङ्क्ति,sama,5,GLLGG,True,0,0,0,0,0,0,0,False,False,🔴 NO AUDIO
पञ्चकावली,sama,21,LLLLGLGLLLGLLGLLGLGLG,True,0,0,0,0,0,0,0,False,False,🔴 NO AUDIO
पणव,sama,10,GGGLLLLGGG,True,0,0,0,0,0,0,0,False,False,🔴 NO AUDIO
पथ्या,sama,14,LLGLGLLLGLGGLG,True,0,0,0,0,0,0,0,False,False,🔴 NO AUDIO
पादाकुलक,matra,,,True,0,0,0,0,0,0,0,False,False,🔴 NO AUDIO
पुट,sama,12,LLLLLLGGGLGG,True,0,0,0,0,0,0,0,False,False,🔴 NO AUDIO
प्रभा,sama,12,LLLLLLGLGGLG,True,0,0,0,0,0,0,0,False,False,🔴 NO AUDIO
प्रमदा,sama,14,LLLLGLGLLLGLLG,True,0,0,0,0,0,0,0,False,False,🔴 NO AUDIO
प्रमाणिका,sama,8,LGLGLGLG,True,0,0,0,0,0,0,0,False,False,🔴 NO AUDIO
प्रवरललित,sama,16,LGGGGGLLLLLGGLGG,True,0,0,0,0,0,0,0,False,False,🔴 NO AUDIO
प्रहरणकलिका,sama,14,LLLLLLGLLLLLLG,True,0,0,0,0,0,0,0,False,False,🔴 NO AUDIO
प्रियंवदा,sama,12,LLLGLLLGLGLG,True,0,0,0,0,0,0,0,False,False,🔴 NO AUDIO
प्रिया,sama,5,LLGLG,True,0,0,0,0,0,0,0,False,False,🔴 NO AUDIO
प्रीति,sama,5,GLGGG,True,0,0,0,0,0,0,0,False,False,🔴 NO AUDIO
बृहती,sama,9,LLLLLLLLL,True,0,0,0,0,0,0,0,False,False,🔴 NO AUDIO
भद्रक,sama,22,GLLGLGLLLGLGLLLGLGLLLG,True,0,0,0,0,0,0,0,False,False,🔴 NO AUDIO
भद्रिका १,sama,9,GLGLLLGLG,True,0,0,0,0,0,0,0,False,False,🔴 NO AUDIO
भद्रिका २,sama,11,LLLLLLGLGLG,True,0,0,0,0,0,0,0,False,False,🔴 NO AUDIO
भुजगशिशुभृता,sama,9,LLLLLLGGG,True,0,0,0,0,0,0,0,False,False,🔴 NO AUDIO
भुजङ्गविजृम्भित,sama,26,GGGGGGGGLLLLLLLLLLGLGLLGLG,True,0,0,0,0,0,0,0,False,False,🔴 NO AUDIO
भुजङ्गसङ्गता,sama,9,LLGLGLGLG,True,0,0,0,0,0,0,0,False,False,🔴 NO AUDIO
भ्रमरविलसित,sama,11,GGGGLLLLLLG,True,0,0,0,0,0,0,0,False,False,🔴 NO AUDIO
मङ्गलमहश्री,sama,26,GLLLGLLLGLLLGLLLGLLLGLLLGG,True,0,0,0,0,0,0,0,False,False,🔴 NO AUDIO
मञ्जुहासिनी,sama,13,LGLGGLLLGLGLG,True,0,0,0,0,0,0,0,False,False,🔴 NO AUDIO
मणिगुणनिकर,sama,15,LLLLLLLLLLLLLLG,True,0,0,0,0,0,0,0,False,False,🔴 NO AUDIO
मणिमध्य,sama,9,GLLGGGLLG,True,0,0,0,0,0,0,0,False,False,🔴 NO AUDIO
मणिराग,sama,10,GLGLLGLLGG,True,0,0,0,0,0,0,0,False,False,🔴 NO AUDIO
मत्तमयूर,sama,13,GGGGGLLGGLLGG,True,0,0,0,0,0,0,0,False,False,🔴 NO AUDIO
मत्तविलासिनी,sama,21,GLLGLLGLLGLLGLLGLLGLG,True,0,0,0,0,0,0,0,False,False,🔴 NO AUDIO
मत्ता,sama,10,GGGGLLLLGG,True,0,0,0,0,0,0,0,False,False,🔴 NO AUDIO
मत्ताक्रीडा,sama,23,GGGGGGGGLLLLLLLLLLLLLLG,True,0,0,0,0,0,0,0,False,False,🔴 NO AUDIO
मत्तेभविक्रीडित,sama,20,LLGGLLGLGLLLGGGLGGLG,True,0,0,0,0,0,0,0,False,False,🔴 NO AUDIO
मदनललिता,sama,16,GGGGLLLLLGGGLLLG,True,0,0,0,0,0,0,0,False,False,🔴 NO AUDIO
मदलेखा,sama,7,GGGLLGG,True,0,0,0,0,0,0,0,False,False,🔴 NO AUDIO
मदिरा,sama,22,GLLGLLGLLGLLGLLGLLGLLG,True,0,0,0,0,0,0,0,False,False,🔴 NO AUDIO
मधुमती,sama,7,LLLLLLG,True,0,0,0,0,0,0,0,False,False,🔴 NO AUDIO
मध्यक्षामा,sama,14,GGGGLLLLLLGGGG,True,0,0,0,0,0,0,0,False,False,🔴 NO AUDIO
मनोरमा,sama,10,LLLGLGLGLG,True,0,0,0,0,0,0,0,False,False,🔴 NO AUDIO
मन्दा,sama,5,GGLLG,True,0,0,0,0,0,0,0,False,False,🔴 NO AUDIO
मन्दारमाला,sama,22,GGLGGLGGLGGLGGLGGLGGLG,True,0,0,0,0,0,0,0,False,False,🔴 NO AUDIO
मयूरसारिणी,sama,10,GLGLGLGLGG,True,0,0,0,0,0,0,0,False,False,🔴 NO AUDIO
महास्रग्धरा,sama,22,LLGGGLGGLLLLLLGGLGGLGG,True,0,0,0,0,0,0,0,False,False,🔴 NO AUDIO
मानसहंस,sama,15,LLGLGLLGLGLLGLG,True,0,0,0,0,0,0,0,False,False,🔴 NO AUDIO
मालती,sama,12,LLLLGLLGLGLG,True,0,0,0,0,0,0,0,False,False,🔴 NO AUDIO
मुकुल,sama,6,GGGLLG,True,0,0,0,0,0,0,0,False,False,🔴 NO AUDIO
मृगेन्द्रमुख,sama,13,LLLLGLLGLGLGG,True,0,0,0,0,0,0,0,False,False,🔴 NO AUDIO
मेघवितान,sama,10,LLGLLGLLGG,True,0,0,0,0,0,0,0,False,False,🔴 NO AUDIO
मेघविस्फूर्जिता,sama,19,LGGGGGLLLLLGGLGGLGG,True,0,0,0,0,0,0,0,False,False,🔴 NO AUDIO
मोटक,sama,12,GLLGLLGLLGLL,True,0,0,0,0,0,0,0,False,False,🔴 NO AUDIO
मोटनक,sama,11,GGLLGLLGLLG,True,0,0,0,0,0,0,0,False,False,🔴 NO AUDIO
मौक्तिकदाम,sama,12,LGLLGLLGLLGL,True,0,0,0,0,0,0,0,False,False,🔴 NO AUDIO
मौक्तिकमाला,sama,11,GLLGGLLLLGG,True,0,0,0,0,0,0,0,False,False,🔴 NO AUDIO
रमणी,sama,6,LLGLLG,True,0,0,0,0,0,0,0,False,False,🔴 NO AUDIO
रुक्मवती,sama,10,GLLGGGLLGG,True,0,0,0,0,0,0,0,False,False,🔴 NO AUDIO
लक्ष्मी,sama,14,GGGLLGGGLGLLGG,True,0,0,0,0,0,0,0,False,False,🔴 NO AUDIO
लयग्राहि,sama,30,GLLLGLLLGLLLGLLLGLLLGLLLGLLLGG,True,0,0,0,0,0,0,0,False,False,🔴 NO AUDIO
लयविभाति,sama,34,LLLLLGLLGLLLLLGLLLLLLLLGLLLLLLLLLG,True,0,0,0,0,0,0,0,False,False,🔴 NO AUDIO
ललना,sama,12,GLLGGGLLGLLG,True,0,0,0,0,0,0,0,False,False,🔴 NO AUDIO
ललित,sama,12,LLLLLLGGGGLG,True,0,0,0,0,0,0,0,False,False,🔴 NO AUDIO
ललित,vishama,10,LLGLGLLLGL|LLLLLGLGLG|LLLLLLLLGLLG|LLGLGLLLGLGLG,True,0,0,0,0,0,0,0,False,False,🔴 NO AUDIO
ललिता,sama,12,GGLGLLLGLGLG,True,0,0,0,0,0,0,0,False,False,🔴 NO AUDIO
लासिनी,sama,4,LGLG,True,0,0,0,0,0,0,0,False,False,🔴 NO AUDIO
लोला,sama,14,GGGLLGGGGGLLGG,True,0,0,0,0,0,0,0,False,False,🔴 NO AUDIO
वंशपत्रपतित,sama,17,GLLGLGLLLGLLLLLLG,True,0,0,0,0,0,0,0,False,False,🔴 NO AUDIO
वक्त्र,vishama,8,GGGGLGGG|GGGGLGGG|GLGGLGGG|GGGGLGGG,True,0,0,0,0,0,0,0,False,False,🔴 NO AUDIO
वसुमती,sama,6,GGLLLG,True,0,0,0,0,0,0,0,False,False,🔴 NO AUDIO
वाणिनी,sama,16,LLLLGLGLLLGLGLGG,True,0,0,0,0,0,0,0,False,False,🔴 NO AUDIO
वासन्ती,sama,14,GGGGGLLLLGGGGG,True,0,0,0,0,0,0,0,False,False,🔴 NO AUDIO
वासन्ती (श),sama,14,GGGGGLLLLLGGGG,True,0,0,0,0,0,0,0,False,False,🔴 NO AUDIO
विद्याधार,sama,12,GGGGGGGGGGGG,True,0,0,0,0,0,0,0,False,False,🔴 NO AUDIO
विध्वङ्कमाला,sama,11,GGLGGLGGLGG,True,0,0,0,0,0,0,0,False,False,🔴 NO AUDIO
विपिनतिलक,sama,15,LLLLLGLLLGLGGLG,True,0,0,0,0,0,0,0,False,False,🔴 NO AUDIO
वृत्ता,sama,11,LLLLLLLLGGG,True,0,0,0,0,0,0,0,False,False,🔴 NO AUDIO
वेगवती,ardhasama,10,LLGLLGLLGG|GLLGLLGLLGG,True,0,0,0,0,0,0,0,False,False,🔴 NO AUDIO
वैश्वदेवी,sama,12,GGGGGGLGGLGG,True,0,0,0,0,0,0,0,False,False,🔴 NO AUDIO
शशिकला,sama,15,LLLLLLLLLLLLLLG,True,0,0,0,0,0,0,0,False,False,🔴 NO AUDIO
शशिवदना,sama,6,LLLLGG,True,0,0,0,0,0,0,0,False,False,🔴 NO AUDIO
शार्दूलललित,sama,18,GGGLLGLGLLLGGGLLLG,True,0,0,0,0,0,0,0,False,False,🔴 NO AUDIO
शुद्धविराट्,sama,10,GGGLLGLGLG,True,0,0,0,0,0,0,0,False,False,🔴 NO AUDIO
श्येनी,sama,11,GLGLGLGLGLG,True,0,0,0,0,0,0,0,False,False,🔴 NO AUDIO
सती,sama,4,LLLG,True,0,0,0,0,0,0,0,False,False,🔴 NO AUDIO
समानिका,sama,8,GLGLGLGL,True,0,0,0,0,0,0,0,False,False,🔴 NO AUDIO
समृद्धि,sama,4,GLGG,True,0,0,0,0,0,0,0,False,False,🔴 NO AUDIO
सान्द्रपद,sama,11,GLLGGLLLLGL,True,0,0,0,0,0,0,0,False,False,🔴 NO AUDIO
सारङ्ग,sama,12,GGLGGLGGLGGL,True,0,0,0,0,0,0,0,False,False,🔴 NO AUDIO
सावित्री,sama,6,GGGGGG,True,0,0,0,0,0,0,0,False,False,🔴 NO AUDIO
सुकेसर,sama,14,LLLGLGLLLGLGLG,True,0,0,0,0,0,0,0,False,False,🔴 NO AUDIO
सुपवित्र,sama,14,LLLLLLLLLLLLGG,True,0,0,0,0,0,0,0,False,False,🔴 NO AUDIO
सुमधुरा,sama,19,GGGGLGGLLGLGGGGLLLG,True,0,0,0,0,0,0,0,False,False,🔴 NO AUDIO
सुमन्दारमाला,sama,23,LGGLGGLGGLGGLGGLGGLGGLG,True,0,0,0,0,0,0,0,False,False,🔴 NO AUDIO
सुमुखी,sama,11,LLLLGLLGLLG,True,0,0,0,0,0,0,0,False,False,🔴 NO AUDIO
सुरसा,sama,19,GGGGLGGLLGLGLGGLLLG,True,0,0,0,0,0,0,0,False,False,🔴 NO AUDIO
सुवदना,sama,20,GGGGLGGLLLLLLGGGLLLG,True,0,0,0,0,0,0,0,False,False,🔴 NO AUDIO
सोमराजी,sama,6,LGGLGG,True,0,0,0,0,0,0,0,False,False,🔴 NO AUDIO
सौरभ,vishama,10,LLGLGLLLGL|LLLLLGLGLG|GLGLLLGLLG|LLGLGLLLGLGLG,True,0,0,0,0,0,0,0,False,False,🔴 NO AUDIO
स्रक्,sama,15,LLLLLLLLLLLLLLG,True,0,0,0,0,0,0,0,False,False,🔴 NO AUDIO
हंसगति,sama,23,LLLLGLLGLLGLLGLLGLLGLLG,True,0,0,0,0,0,0,0,False,False,🔴 NO AUDIO
हंसमाला,sama,7,LLGGLGG,True,0,0,0,0,0,0,0,False,False,🔴 NO AUDIO
हंसरुत,sama,8,GGGLLLGG,True,0,0,0,0,0,0,0,False,False,🔴 NO AUDIO
हंसी १,sama,22,GGGGGGGGLLLLLLLLLLLLGG,True,0,0,0,0,0,0,0,False,False,🔴 NO AUDIO
हंसी २,sama,10,GGGGLLLLLG,True,0,0,0,0,0,0,0,False,False,🔴 NO AUDIO
हरनर्तक,sama,18,GLGLLGLGLLGLGLLGLG,True,0,0,0,0,0,0,0,False,False,🔴 NO AUDIO
हरिणप्लुता,ardhasama,11,LLGLLGLLGLG|LLLGLLGLLGLG,True,0,0,0,0,0,0,0,False,False,🔴 NO AUDIO
हलमुखी,sama,9,GLGLLLLLG,True,0,0,0,0,0,0,0,False,False,🔴 NO AUDIO
