priority,chandas,text_id,text,unit,count,duration_target,suggested_recording_type,reason
P0,इन्द्रवंशा,sumadhva_vijaya:sarga_10:43,संसाधितार्थे भगवत्ययुक्ति-वित् / पप्रच्छ स ज्ञान-पदार्थमुग्रधीः / ज्ञातः स ते ज्ञान्यसि चेन्न चेन्न स / प्रश्नो घटेतेति निराकृतैष तम्,full śloka,3,≈16s,"reference (single clean rendition, full śloka, pause only at pāda ends / yati, 48 kHz 24-bit WAV, no drone)","4 recording(s) exist but the best one is not reference-grade: quality B, 11025 Hz, duration plausible — a clean single take in the Kamadhenu voice is needed"
P0,इन्द्रवंशा,sumadhva_vijaya:sarga_11:73,आश्चर्य रत्नेष्वधिकं जगत्-त्रयेऽप्याश्चर्यमाश्चर्यमहो मुहुर्मुहुः / सौन्दर्य-सारैक-रसं रमा-पते रूपं तदानन्दयतीह मोक्षिणः,full śloka,3,≈16s,"reference (single clean rendition, full śloka, pause only at pāda ends / yati, 48 kHz 24-bit WAV, no drone)","4 recording(s) exist but the best one is not reference-grade: quality B, 11025 Hz, duration plausible — a clean single take in the Kamadhenu voice is needed"
P0,इन्द्रवंशा,sumadhva_vijaya:sarga_5:24,तेजोऽमृतं नन्दन-गात्र-पात्र-गं नेत्राञ्जलिभ्यामपिबत् सदाऽव्ययम् / विद्या-सुधां चास्य वचो-महा-घटे पूर्णामसौ कर्ण-पुटेन पण्डितः,full śloka,3,≈16s,"reference (single clean rendition, full śloka, pause only at pāda ends / yati, 48 kHz 24-bit WAV, no drone)","4 recording(s) exist but the best one is not reference-grade: quality B, 11025 Hz, duration plausible — a clean single take in the Kamadhenu voice is needed"
P0,पृथ्वी,sumadhva_vijaya:sarga_10:52,स शङ्कर-पद-द्विजोप-हृतमाप्य गोवाख्य-गां / गरिष्ठ-कदळी-लसद्-दश-शती-चतुष्कं चरन् / पयः कलश-पञ्चक-त्रिक-युगाभिपूर्णं पपा / वदृष्ट-गतिरप्यभून्नृप-नृ-मण्डलैरुद्यतैः,full śloka,3,≈22s,"reference (single clean rendition, full śloka, pause only at pāda ends / yati, 48 kHz 24-bit WAV, no drone)","3 recording(s) exist but the best one is not reference-grade: quality B, 11025 Hz, duration plausible — a clean single take in the Kamadhenu voice is needed"
P0,पृथ्वी,sumadhva_vijaya:sarga_12:51,विधावत विधावत त्वरितमत्रिवादासुरा / अदभ्रधिषणाभिधो नरहरिर्हि जाज्वल्यते / स युक्तिनखरैः खरैर्मुखरमूर्खदुःखाङ्कुरै / र्विदारयति दारुणप्रवचनप्रणादोऽप्रियान्,full śloka,3,≈22s,"reference (single clean rendition, full śloka, pause only at pāda ends / yati, 48 kHz 24-bit WAV, no drone)","3 recording(s) exist but the best one is not reference-grade: quality B, 11025 Hz, duration plausible — a clean single take in the Kamadhenu voice is needed"
P0,पृथ्वी,sumadhva_vijaya:sarga_9:55,प्रणम्य गुरुमादरादथ नियोगतो योग्यतः / स तस्य जगतां हितं विदधतो गतः सानुगः / महिष्ठ-हृदयो महा-महिम-सिन्धुरानन्दतो / निजैरभि-गतोऽनमद् रजत-पीठ-वासं हरिम्,full śloka,3,≈22s,"reference (single clean rendition, full śloka, pause only at pāda ends / yati, 48 kHz 24-bit WAV, no drone)","3 recording(s) exist but the best one is not reference-grade: quality B, 11025 Hz, duration plausible — a clean single take in the Kamadhenu voice is needed"
P0,भुजङ्गप्रयात,sumadhva_vijaya:sarga_11:77,महानन्द-तीर्थस्य ये भाष्य-भावं मनोवाग्भिरा-वर्तयन्ते स्व-शक्त्या / सुराद्या नरान्ता मुकुन्द-प्रसादादिमं मोक्षमेते भजन्ते सदेति,full śloka,3,≈16s,"reference (single clean rendition, full śloka, pause only at pāda ends / yati, 48 kHz 24-bit WAV, no drone)","1 recording(s) exist but the best one is not reference-grade: quality B, 11025 Hz, duration plausible — a clean single take in the Kamadhenu voice is needed"
P0,भुजङ्गप्रयात,tirtha_prabandha:TP_DAK_006,नवांभोदनीलः स्फुरद्धेमजालः स्मरच्चित्तलोलः सुरश्रेणिपालः / श्रिये रंगधामाऽस्त्वयं पुण्यनामा महैश्वर्यसीमा गुणस्तोमभूमा,full śloka,3,≈16s,"reference (single clean rendition, full śloka, pause only at pāda ends / yati, 48 kHz 24-bit WAV, no drone)","1 recording(s) exist but the best one is not reference-grade: quality B, 11025 Hz, duration plausible — a clean single take in the Kamadhenu voice is needed"
P0,मन्दाक्रान्ता,sumadhva_vijaya:sarga_10:49,प्राज्ञो राज्ञां त्रिदिव-पदवीं कौरवं क्षेत्रमाप्तः / सस्माराथ स्व-विहृति-पतद्धस्ति-युद्धोत्सवानाम् / सत्यात्माद्यैरिह परिवृतो भाविमारीच दृग्भि / र्विस्मेरैः स्वैर्न्निज-नृप-तनू-हेति दृष्ट्याऽतितुष्टैः,full śloka,3,≈22s,"reference (single clean rendition, full śloka, pause only at pāda ends / yati, 48 kHz 24-bit WAV, no drone)","2 recording(s) exist but the best one is not reference-grade: quality B, 11025 Hz, duration plausible — a clean single take in the Kamadhenu voice is needed"
P0,मन्दाक्रान्ता,sumadhva_vijaya:sarga_1:55,विश्वं मिथ्या विभुरगुणवानात्मनां नास्ति भेदो दैत्या इत्थं व्यदधत गिरां दिक्षु भूयः प्रसिद्धिम् / आनन्दाद्यैर्गुरु-गुण-गणैः पूरितो वासुदेवो मन्दम्मन्दं मनसि च सतां हन्त नूनं तिरोऽभूत्,full śloka,3,≈22s,"reference (single clean rendition, full śloka, pause only at pāda ends / yati, 48 kHz 24-bit WAV, no drone)","2 recording(s) exist but the best one is not reference-grade: quality B, 11025 Hz, duration plausible — a clean single take in the Kamadhenu voice is needed"
P0,शिखरिणी,sumadhva_vijaya:sarga_10:20,कदाचिच्चोराणां निकरमवलोक्याभि-पतताम् / अवस्थाप्य स्वीयान् कर-ग-पट-पिण्डार्थ-मति-कृत् / चरन्नेतेष्वेतानथ मिथ इहाघातयदहो / विभुः सम्मोह्य प्राग् विजय इव संशप्तक-गणान्,full śloka,3,≈22s,"reference (single clean rendition, full śloka, pause only at pāda ends / yati, 48 kHz 24-bit WAV, no drone)","3 recording(s) exist but the best one is not reference-grade: quality B, 11025 Hz, duration plausible — a clean single take in the Kamadhenu voice is needed"
P0,शिखरिणी,sumadhva_vijaya:sarga_16:57,नमस्ते प्राणेश प्रणतविभवायावनिमगाः / नमः स्वामिन् रामप्रियतम हनूमन् गुरुगुण / नमस्तुभ्यं भीम प्रबलतम कृष्णेष्ट भगवन् / नमः श्रीमन्मध्व प्रदिश सुदृशं नो जय जय,full śloka,3,≈22s,"reference (single clean rendition, full śloka, pause only at pāda ends / yati, 48 kHz 24-bit WAV, no drone)","3 recording(s) exist but the best one is not reference-grade: quality B, 11025 Hz, duration plausible — a clean single take in the Kamadhenu voice is needed"
P0,शिखरिणी,sumadhva_vijaya:sarga_3:56,अयि स्वामिन् दुष्टान् दमय-दमय स्पष्टमचिराद् गुणान् गूढान् विष्णोः कथय-कथय स्वान् प्रमदयन् / तदाऽऽनन्दं तन्वन्निति सु-मनसां सोऽनु-सरताम् अनुज्ञामादत्त त्रिभुवन-गुरुर्ब्रह्मणगुरोः,full śloka,3,≈22s,"reference (single clean rendition, full śloka, pause only at pāda ends / yati, 48 kHz 24-bit WAV, no drone)","3 recording(s) exist but the best one is not reference-grade: quality B, 11025 Hz, duration plausible — a clean single take in the Kamadhenu voice is needed"
P0,स्रग्धरा,sumadhva_vijaya:sarga_10:50,विप्रात्मेशः क्षणार्थं कृत-नतिरशिति-श्रीर्हृषीकेश-देशे / स्पष्टं दृष्टोऽप्यदृष्टः सपदि विहितवान् विस्मयं देहभाजाम् / स्वप्ने स्व-प्रेरितान्य-स्थल-ग-निज-नरो-पाहृतैर्भक्ष्य-भोज्यैः / प्राज्यैः प्राभोजयत् स्वं गुरुमखिल-गुरुं वेदयन् वेदबन्धुम्,full śloka,3,≈28s,"reference (single clean rendition, full śloka, pause only at pāda ends / yati, 48 kHz 24-bit WAV, no drone)","4 recording(s) exist but the best one is not reference-grade: quality B, 48000 Hz, duration plausible — a clean single take in the Kamadhenu voice is needed"
P0,स्रग्धरा,tirtha_prabandha:TP_DAK_018,पारावाराख्यरम्योपनिषदि विलसत्सेतवे सूत्रमात्रे / रामव्यासेन सेनानुगतिफलकृते दर्शिते रामभृत्यः / नानास्थानोपनीतैर्हनुमदभिनवश्रीमदानंदनीर्थ / स्तेनेऽमानाद्रिमानैस्तमिममतिदृढं रम्यमात्मीयगम्यम्,full śloka,3,≈28s,"reference (single clean rendition, full śloka, pause only at pāda ends / yati, 48 kHz 24-bit WAV, no drone)","4 recording(s) exist but the best one is not reference-grade: quality B, 48000 Hz, duration plausible — a clean single take in the Kamadhenu voice is needed"
P0,स्रग्धरा,tirtha_prabandha:TP_DAK_046,नानावृत्तं स्वयात्राक्रमपरिचितसुक्षेत्रमाहात्म्ययुक्तं / शब्दालंकारबद्धं शमलकुलहरश्लाघनीयार्थहृद्यम् / श्रीनाथप्रीतिहेतोर्हयवदनकृपांभोधिसंभूतरत्नं / चक्रे तीर्थप्रबंधं बहुगुणभरितं वादिराजो यतींद्रः,full śloka,3,≈28s,"reference (single clean rendition, full śloka, pause only at pāda ends / yati, 48 kHz 24-bit WAV, no drone)","4 recording(s) exist but the best one is not reference-grade: quality B, 48000 Hz, duration plausible — a clean single take in the Kamadhenu voice is needed"
P0,हरिणी,sumadhva_vijaya:sarga_10:56,इति विविध-गो-धारा-वारैर्विशारद-वारि-दो / हरि-पद-रतो विद्या-विद्युत्-प्रदीपित-दिङ्मुखः / भव-भय-महा-घर्म्मात्तप्तं सदङ्घ्रिप-मण्डलं / सफल-सुमनः सान्द्रानन्दं व्यधादविपल्लवम्,full śloka,3,≈22s,"reference (single clean rendition, full śloka, pause only at pāda ends / yati, 48 kHz 24-bit WAV, no drone)","1 recording(s) exist but the best one is not reference-grade: quality B, 11025 Hz, duration plausible — a clean single take in the Kamadhenu voice is needed"
P2,अन्यविधोद्गता,sumadhva_vijaya:sarga_10:53,अयमेव गो-विषयतोऽपि / सदसि जनतार्थितो जवात् / पुष्पमुत फलमो विदधे / जन-सुप्तिदानुपम-गान-सम्पदा,full śloka,2,≈14s,"training (natural pārāyaṇa pace, full śloka, one take)",only 1 recording(s) across 1 text(s); training-grade coverage wants ≥10 across ≥3 texts
P2,इन्दुवदना,raghavendra_vijaya:sarga_5:12,इन्दुवदनाकलितमन्दहसनानां कुन्दरदनाहसितहंसगमनानाम् / कन्दुकसमाकृतिपयोधरयुगानां कन्तुनिजजङ्गमजयध्वजलतानाम्,full śloka,2,≈18s,"training (natural pārāyaṇa pace, full śloka, one take)",only 2 recording(s) across 2 text(s); training-grade coverage wants ≥10 across ≥3 texts
P2,इन्दुवदना,sumadhva_vijaya:sarga_10:10,वारयत-वारयत वैरि-सुहृदोऽमून् / मारयत-मारयत पार गमनात् प्राक् / आपतत आलपत इत्यवददुच्चैः / स त्वरक-राज-पुरुषानुचित-वाचा,full śloka,2,≈18s,"training (natural pārāyaṇa pace, full śloka, one take)",only 2 recording(s) across 2 text(s); training-grade coverage wants ≥10 across ≥3 texts
P2,"औपच्छन्दसिक, पुष्पिताग्रा",sumadhva_vijaya:sarga_10:55,इति भुवन-विभूषणस्य भूयां / स्यविगणितानि कृतान्तराणि हन्त / श्रवण-मनन-कीर्त्तनैरभीष्टं / प्रति-ददतीत्यमराः प्रकीर्त्तयन्ति,full śloka,2,≈16s,"training (natural pārāyaṇa pace, full śloka, one take)",only 1 recording(s) across 1 text(s); training-grade coverage wants ≥10 across ≥3 texts
P2,क्रौञ्चपदा,kanduka_stuti:KNDS_C01_V01,अम्बरगङ्गाचुम्बितपादः पदतलविदलितगुरुतरशकटः / कालियनागक्ष्वेलनिहन्ता सरसिजनवदलविकसितनयनः,verse as written,2,≈16s,"training (natural pārāyaṇa pace, full śloka, one take)",no audio at all for this metre
P2,क्रौञ्चपदा,kanduka_stuti:KNDS_C01_V02,कालघनालीकर्बुरकायः शरशतशकलितरिपुशतनिवहः / सन्ततमस्मान् पातु मुरारिः सततगसमजवखगपतिनिरतः,verse as written,2,≈16s,"training (natural pārāyaṇa pace, full śloka, one take)",no audio at all for this metre
P2,तोटक,sumadhva_vijaya:sarga_10:45,जननं समये-समये जगतः / प्रथिते समये समयेदमिते / सनिरासमयेऽसमये स्थिति-युक् / स्ववभास-मयेऽसमयेष्ट-धिया,full śloka,2,≈16s,"training (natural pārāyaṇa pace, full śloka, one take)",only 3 recording(s) across 3 text(s); training-grade coverage wants ≥10 across ≥3 texts
P2,तोटक,sumadhva_vijaya:sarga_10:7,यमशेष-भव-प्रभवः स्मरता / मसुखाब्धिरपैति न चित्रमिदम् / मरुतीदृशि भान्ति हि यत्-स्तवने / यम-शेष-भव-प्रभवः स्म रताः,full śloka,2,≈16s,"training (natural pārāyaṇa pace, full śloka, one take)",only 3 recording(s) across 3 text(s); training-grade coverage wants ≥10 across ≥3 texts
P2,दोधक,dvadasha_stotra:DDS_C06_V02,सूकररूपक दानवशत्रो भूमिविधारक यज्ञवराङ्ग / देव नृसिंह हिरण्यकशत्रो सर्वभयान्तक दैवतबन्धो,full śloka,2,≈15s,"training (natural pārāyaṇa pace, full śloka, one take)",only 1 recording(s) across 1 text(s); training-grade coverage wants ≥10 across ≥3 texts
P2,दोधक,sumadhva_vijaya:sarga_10:16,अप्लव देव नदी-तरणं ते / हन्त कथं च चिकीर्षसि किं त्वम् / तं निगदन्तमिति प्रभृतीह / स्माह महा-पुरुषोत्तम-दासः,full śloka,2,≈15s,"training (natural pārāyaṇa pace, full śloka, one take)",only 1 recording(s) across 1 text(s); training-grade coverage wants ≥10 across ≥3 texts
P2,मणिमाला,sumadhva_vijaya:sarga_10:21,अन्यत्र च चोरान् धन्य-प्रवरोऽसौ / शूरान् शत-सङ्ख्यान् प्राप्तान् स्व-जिघांसून् / एकेन तु शिष्येणाऽकृष्ट-कुठारान् / निस्ताडित-यूध्यानद्रावयत द्राक्,full śloka,2,≈16s,"training (natural pārāyaṇa pace, full śloka, one take)",only 1 recording(s) across 1 text(s); training-grade coverage wants ≥10 across ≥3 texts
P2,माणवक,sumadhva_vijaya:sarga_10:24,प्राप स नारायणतः / शुद्ध-शिलात्म-प्रतिमाः / यासु स पद्मा-सहितो / दोष्यहितः सन्निहितः,full śloka,2,≈11s,"training (natural pārāyaṇa pace, full śloka, one take)",only 1 recording(s) across 1 text(s); training-grade coverage wants ≥10 across ≥3 texts
P2,रुचिरा,sumadhva_vijaya:sarga_10:51,अवाप्तवान् पुनरिषु-पातमस्मरद् / रमा-पतिं स परशु-राममादरात् / स-राजकेळ्युरु-कदळी-सहस्रकं / तदाऽऽददत्त्यवसिति-दत्तमुत्तमम्,full śloka,2,≈17s,"training (natural pārāyaṇa pace, full śloka, one take)",only 1 recording(s) across 1 text(s); training-grade coverage wants ≥10 across ≥3 texts
P2,वसन्तमालिका,sumadhva_vijaya:sarga_10:4,क्वचिदीश्वर-देवमेष भूपं / खननं पान्थ-जनं विधापयन्तम् / स्वमपि प्रति-चोदयन्तमूचे / क्रियया नोऽकुशलान् प्रबोधयेति,full śloka,2,≈15s,"training (natural pārāyaṇa pace, full śloka, one take)",only 1 recording(s) across 1 text(s); training-grade coverage wants ≥10 across ≥3 texts
P2,वातोर्मी,sumadhva_vijaya:sarga_10:25,पाराशर्य्यः पर-तत्त्व-प्रसिद्ध्यै / तात्पर्य्यार्थं परमं भारतस्य / व्यक्तं वक्तुं नियुनक्ति स्म साक्षाद् / एनं धन्यं भुवने मन्यमानः,full śloka,2,≈15s,"training (natural pārāyaṇa pace, full śloka, one take)",only 1 recording(s) across 1 text(s); training-grade coverage wants ≥10 across ≥3 texts
P2,विद्युन्माला,sumadhva_vijaya:sarga_10:23,सत्योच्छेदे सेच्छापातं / व्याघ्राकारं दैत्य-व्याघ्रम् / प्राळेयाद्रेः प्रान्ते प्राज्ञः / पाणेर्लीला-लेशेनाऽस्यत्,full śloka,2,≈11s,"training (natural pārāyaṇa pace, full śloka, one take)",only 1 recording(s) across 1 text(s); training-grade coverage wants ≥10 across ≥3 texts
P2,"वियोगिनी, वैतालीय, सुन्दरी",sumadhva_vijaya:sarga_10:3,भुवनाद्भुत-मध्व-चेष्टितं / न वदेमापि सुरायुषा वयम् / सकलं खलु किन्तु किञ्चिद / प्यथ शुश्रूषु-जनाय वर्ण्यते,full śloka,2,≈14s,"training (natural pārāyaṇa pace, full śloka, one take)",only 2 recording(s) across 2 text(s); training-grade coverage wants ≥10 across ≥3 texts
P2,"वियोगिनी, वैतालीय, सुन्दरी",sumadhva_vijaya:sarga_14:54,मृदुगामि-विमान-सम्पदो / रमयत् सुस्मित-गोप-सुन्दरीः / परिताप-विहीनमुज्ज्वलं / सु-ततं सूक्ष्मतराम्बरं वरम्,full śloka,2,≈14s,"training (natural pārāyaṇa pace, full śloka, one take)",only 2 recording(s) across 2 text(s); training-grade coverage wants ≥10 across ≥3 texts
P2,स्रग्विणी,sumadhva_vijaya:sarga_10:8,सञ्चरन्नञ्चनीयः कदाचिद् विभु / र्विष्णुपद्यास्तटं वैष्णवाग्रेसरः / प्रापदाप्तैर्निजैरेष शिष्यैर्वृत / स्त्यक्त-विश्व-प्लवं शात्रवातङ्कतः,full śloka,2,≈16s,"training (natural pārāyaṇa pace, full śloka, one take)",only 1 recording(s) across 1 text(s); training-grade coverage wants ≥10 across ≥3 texts
P3,अतिरेखा,—,—,—,0,—,none yet — provide text first,no text of this metre in the indexed DGE works; a text must be added to DGE before any recording
P3,अतिशायिनी,—,—,—,0,—,none yet — provide text first,no text of this metre in the indexed DGE works; a text must be added to DGE before any recording
P3,अद्रितनया,—,—,—,0,—,none yet — provide text first,no text of this metre in the indexed DGE works; a text must be added to DGE before any recording
P3,अनवसिता,—,—,—,0,—,none yet — provide text first,no text of this metre in the indexed DGE works; a text must be added to DGE before any recording
P3,अनुष्टुभ्,—,—,—,0,—,none yet — provide text first,no text of this metre in the indexed DGE works; a text must be added to DGE before any recording
P3,अपरवक्त्र,—,—,—,0,—,none yet — provide text first,no text of this metre in the indexed DGE works; a text must be added to DGE before any recording
P3,अपराजिता,—,—,—,0,—,none yet — provide text first,no text of this metre in the indexed DGE works; a text must be added to DGE before any recording
P3,अपवाह,—,—,—,0,—,none yet — provide text first,no text of this metre in the indexed DGE works; a text must be added to DGE before any recording
P3,असम्बाधा,—,—,—,0,—,none yet — provide text first,no text of this metre in the indexed DGE works; a text must be added to DGE before any recording
P3,आर्या - विपुला,—,—,—,0,—,none yet — provide text first,no text of this metre in the indexed DGE works; a text must be added to DGE before any recording
P3,उज्ज्वला,—,—,—,0,—,none yet — provide text first,no text of this metre in the indexed DGE works; a text must be added to DGE before any recording
P3,उद्गता,—,—,—,0,—,none yet — provide text first,no text of this metre in the indexed DGE works; a text must be added to DGE before any recording
P3,उद्गीति,—,—,—,0,—,none yet — provide text first,no text of this metre in the indexed DGE works; a text must be added to DGE before any recording
P3,उपचित्र,—,—,—,0,—,none yet — provide text first,no text of this metre in the indexed DGE works; a text must be added to DGE before any recording
P3,उपचित्र,—,—,—,0,—,none yet — provide text first,no text of this metre in the indexed DGE works; a text must be added to DGE before any recording
P3,उपजाति (आर्द्रा),—,—,—,0,—,none yet — provide text first,no text of this metre in the indexed DGE works; a text must be added to DGE before any recording
P3,उपजाति (ऋद्धि),—,—,—,0,—,none yet — provide text first,no text of this metre in the indexed DGE works; a text must be added to DGE before any recording
P3,उपजाति (कीर्ति),—,—,—,0,—,none yet — provide text first,no text of this metre in the indexed DGE works; a text must be added to DGE before any recording
P3,उपजाति (जाया),—,—,—,0,—,none yet — provide text first,no text of this metre in the indexed DGE works; a text must be added to DGE before any recording
P3,उपजाति (प्रेमा),—,—,—,0,—,none yet — provide text first,no text of this metre in the indexed DGE works; a text must be added to DGE before any recording
P3,उपजाति (बाला),—,—,—,0,—,none yet — provide text first,no text of this metre in the indexed DGE works; a text must be added to DGE before any recording
P3,उपजाति (भद्रा),—,—,—,0,—,none yet — provide text first,no text of this metre in the indexed DGE works; a text must be added to DGE before any recording
P3,उपजाति (माया),—,—,—,0,—,none yet — provide text first,no text of this metre in the indexed DGE works; a text must be added to DGE before any recording
P3,उपजाति (माला),—,—,—,0,—,none yet — provide text first,no text of this metre in the indexed DGE works; a text must be added to DGE before any recording
P3,उपजाति (रामा),—,—,—,0,—,none yet — provide text first,no text of this metre in the indexed DGE works; a text must be added to DGE before any recording
P3,उपजाति (वंशस्थ-इन्द्रवंशा १),—,—,—,0,—,none yet — provide text first,no text of this metre in the indexed DGE works; a text must be added to DGE before any recording
P3,उपजाति (वंशस्थ-इन्द्रवंशा १०),—,—,—,0,—,none yet — provide text first,no text of this metre in the indexed DGE works; a text must be added to DGE before any recording
P3,उपजाति (वंशस्थ-इन्द्रवंशा ११),—,—,—,0,—,none yet — provide text first,no text of this metre in the indexed DGE works; a text must be added to DGE before any recording
P3,उपजाति (वंशस्थ-इन्द्रवंशा १२),—,—,—,0,—,none yet — provide text first,no text of this metre in the indexed DGE works; a text must be added to DGE before any recording
P3,उपजाति (वंशस्थ-इन्द्रवंशा १३),—,—,—,0,—,none yet — provide text first,no text of this metre in the indexed DGE works; a text must be added to DGE before any recording
P3,उपजाति (वंशस्थ-इन्द्रवंशा १४),—,—,—,0,—,none yet — provide text first,no text of this metre in the indexed DGE works; a text must be added to DGE before any recording
P3,उपजाति (वंशस्थ-इन्द्रवंशा २),—,—,—,0,—,none yet — provide text first,no text of this metre in the indexed DGE works; a text must be added to DGE before any recording
P3,उपजाति (वंशस्थ-इन्द्रवंशा ३),—,—,—,0,—,none yet — provide text first,no text of this metre in the indexed DGE works; a text must be added to DGE before any recording
P3,उपजाति (वंशस्थ-इन्द्रवंशा ४),—,—,—,0,—,none yet — provide text first,no text of this metre in the indexed DGE works; a text must be added to DGE before any recording
P3,उपजाति (वंशस्थ-इन्द्रवंशा ५),—,—,—,0,—,none yet — provide text first,no text of this metre in the indexed DGE works; a text must be added to DGE before any recording
P3,उपजाति (वंशस्थ-इन्द्रवंशा ६),—,—,—,0,—,none yet — provide text first,no text of this metre in the indexed DGE works; a text must be added to DGE before any recording
P3,उपजाति (वंशस्थ-इन्द्रवंशा ७),—,—,—,0,—,none yet — provide text first,no text of this metre in the indexed DGE works; a text must be added to DGE before any recording
P3,उपजाति (वंशस्थ-इन्द्रवंशा ८),—,—,—,0,—,none yet — provide text first,no text of this metre in the indexed DGE works; a text must be added to DGE before any recording
P3,उपजाति (वंशस्थ-इन्द्रवंशा ९),—,—,—,0,—,none yet — provide text first,no text of this metre in the indexed DGE works; a text must be added to DGE before any recording
P3,उपजाति (वाणी),—,—,—,0,—,none yet — provide text first,no text of this metre in the indexed DGE works; a text must be added to DGE before any recording
P3,उपजाति (शार्दूलविक्रीडित-स्रग्धरा १),—,—,—,0,—,none yet — provide text first,no text of this metre in the indexed DGE works; a text must be added to DGE before any recording
P3,उपजाति (शार्दूलविक्रीडित-स्रग्धरा १०),—,—,—,0,—,none yet — provide text first,no text of this metre in the indexed DGE works; a text must be added to DGE before any recording
P3,उपजाति (शार्दूलविक्रीडित-स्रग्धरा ११),—,—,—,0,—,none yet — provide text first,no text of this metre in the indexed DGE works; a text must be added to DGE before any recording
P3,उपजाति (शार्दूलविक्रीडित-स्रग्धरा १२),—,—,—,0,—,none yet — provide text first,no text of this metre in the indexed DGE works; a text must be added to DGE before any recording
P3,उपजाति (शार्दूलविक्रीडित-स्रग्धरा १३),—,—,—,0,—,none yet — provide text first,no text of this metre in the indexed DGE works; a text must be added to DGE before any recording
P3,उपजाति (शार्दूलविक्रीडित-स्रग्धरा १४),—,—,—,0,—,none yet — provide text first,no text of this metre in the indexed DGE works; a text must be added to DGE before any recording
P3,उपजाति (शार्दूलविक्रीडित-स्रग्धरा २),—,—,—,0,—,none yet — provide text first,no text of this metre in the indexed DGE works; a text must be added to DGE before any recording
P3,उपजाति (शार्दूलविक्रीडित-स्रग्धरा ३),—,—,—,0,—,none yet — provide text first,no text of this metre in the indexed DGE works; a text must be added to DGE before any recording
P3,उपजाति (शार्दूलविक्रीडित-स्रग्धरा ४),—,—,—,0,—,none yet — provide text first,no text of this metre in the indexed DGE works; a text must be added to DGE before any recording
P3,उपजाति (शार्दूलविक्रीडित-स्रग्धरा ५),—,—,—,0,—,none yet — provide text first,no text of this metre in the indexed DGE works; a text must be added to DGE before any recording
P3,उपजाति (शार्दूलविक्रीडित-स्रग्धरा ६),—,—,—,0,—,none yet — provide text first,no text of this metre in the indexed DGE works; a text must be added to DGE before any recording
P3,उपजाति (शार्दूलविक्रीडित-स्रग्धरा ७),—,—,—,0,—,none yet — provide text first,no text of this metre in the indexed DGE works; a text must be added to DGE before any recording
P3,उपजाति (शार्दूलविक्रीडित-स्रग्धरा ८),—,—,—,0,—,none yet — provide text first,no text of this metre in the indexed DGE works; a text must be added to DGE before any recording
P3,उपजाति (शार्दूलविक्रीडित-स्रग्धरा ९),—,—,—,0,—,none yet — provide text first,no text of this metre in the indexed DGE works; a text must be added to DGE before any recording
P3,उपजाति (शाला),—,—,—,0,—,none yet — provide text first,no text of this metre in the indexed DGE works; a text must be added to DGE before any recording
P3,उपजाति (सिद्धि/बुद्धि),—,—,—,0,—,none yet — provide text first,no text of this metre in the indexed DGE works; a text must be added to DGE before any recording
P3,उपजाति (हंसी),—,—,—,0,—,none yet — provide text first,no text of this metre in the indexed DGE works; a text must be added to DGE before any recording
P3,उपमालिनी,—,—,—,0,—,none yet — provide text first,no text of this metre in the indexed DGE works; a text must be added to DGE before any recording
P3,उपस्थित,—,—,—,0,—,none yet — provide text first,no text of this metre in the indexed DGE works; a text must be added to DGE before any recording
P3,उपस्थिता,—,—,—,0,—,none yet — provide text first,no text of this metre in the indexed DGE works; a text must be added to DGE before any recording
P3,ऋषभ,—,—,—,0,—,none yet — provide text first,no text of this metre in the indexed DGE works; a text must be added to DGE before any recording
P3,ऋषभगजविलसित,—,—,—,0,—,none yet — provide text first,no text of this metre in the indexed DGE works; a text must be added to DGE before any recording
P3,एला,—,—,—,0,—,none yet — provide text first,no text of this metre in the indexed DGE works; a text must be added to DGE before any recording
P3,औपच्छन्दसिक,—,—,—,0,—,none yet — provide text first,no text of this metre in the indexed DGE works; a text must be added to DGE before any recording
P3,कन्या,—,—,—,0,—,none yet — provide text first,no text of this metre in the indexed DGE works; a text must be added to DGE before any recording
P3,कलहंस,—,—,—,0,—,none yet — provide text first,no text of this metre in the indexed DGE works; a text must be added to DGE before any recording
P3,कामक्रीडा,—,—,—,0,—,none yet — provide text first,no text of this metre in the indexed DGE works; a text must be added to DGE before any recording
P3,कुटजगति,—,—,—,0,—,none yet — provide text first,no text of this metre in the indexed DGE works; a text must be added to DGE before any recording
P3,कुटिल,—,—,—,0,—,none yet — provide text first,no text of this metre in the indexed DGE works; a text must be added to DGE before any recording
P3,कुपुरुषजनिता,—,—,—,0,—,none yet — provide text first,no text of this metre in the indexed DGE works; a text must be added to DGE before any recording
P3,कुमारललिता,—,—,—,0,—,none yet — provide text first,no text of this metre in the indexed DGE works; a text must be added to DGE before any recording
P3,कुमारी,—,—,—,0,—,none yet — provide text first,no text of this metre in the indexed DGE works; a text must be added to DGE before any recording
P3,कुसुममालिका,—,—,—,0,—,none yet — provide text first,no text of this metre in the indexed DGE works; a text must be added to DGE before any recording
P3,कुसुमविचित्रा,—,—,—,0,—,none yet — provide text first,no text of this metre in the indexed DGE works; a text must be added to DGE before any recording
P3,कुसुमितलतावेल्लिता,—,—,—,0,—,none yet — provide text first,no text of this metre in the indexed DGE works; a text must be added to DGE before any recording
P3,क्षमा,—,—,—,0,—,none yet — provide text first,no text of this metre in the indexed DGE works; a text must be added to DGE before any recording
P3,गजगति,—,—,—,0,—,none yet — provide text first,no text of this metre in the indexed DGE works; a text must be added to DGE before any recording
P3,गीति,—,—,—,0,—,none yet — provide text first,no text of this metre in the indexed DGE works; a text must be added to DGE before any recording
P3,गीतिका,—,—,—,0,—,none yet — provide text first,no text of this metre in the indexed DGE works; a text must be added to DGE before any recording
P3,चकिता,—,—,—,0,—,none yet — provide text first,no text of this metre in the indexed DGE works; a text must be added to DGE before any recording
P3,चक्रपद,—,—,—,0,—,none yet — provide text first,no text of this metre in the indexed DGE works; a text must be added to DGE before any recording
P3,चण्डी,—,—,—,0,—,none yet — provide text first,no text of this metre in the indexed DGE works; a text must be added to DGE before any recording
P3,चन्द्रकान्ता,—,—,—,0,—,none yet — provide text first,no text of this metre in the indexed DGE works; a text must be added to DGE before any recording
P3,चन्द्रलेखा,—,—,—,0,—,none yet — provide text first,no text of this metre in the indexed DGE works; a text must be added to DGE before any recording
P3,चन्द्रवर्त्म,—,—,—,0,—,none yet — provide text first,no text of this metre in the indexed DGE works; a text must be added to DGE before any recording
P3,चन्द्रौरस,—,—,—,0,—,none yet — provide text first,no text of this metre in the indexed DGE works; a text must be added to DGE before any recording
P3,चित्र,—,—,—,0,—,none yet — provide text first,no text of this metre in the indexed DGE works; a text must be added to DGE before any recording
P3,चित्रपदा,—,—,—,0,—,none yet — provide text first,no text of this metre in the indexed DGE works; a text must be added to DGE before any recording
P3,चित्रलेखा,—,—,—,0,—,none yet — provide text first,no text of this metre in the indexed DGE works; a text must be added to DGE before any recording
P3,चित्रा,—,—,—,0,—,none yet — provide text first,no text of this metre in the indexed DGE works; a text must be added to DGE before any recording
P3,जलधरमाला,—,—,—,0,—,none yet — provide text first,no text of this metre in the indexed DGE works; a text must be added to DGE before any recording
P3,जलोद्धतगति,—,—,—,0,—,none yet — provide text first,no text of this metre in the indexed DGE works; a text must be added to DGE before any recording
P3,तनुमध्या,—,—,—,0,—,none yet — provide text first,no text of this metre in the indexed DGE works; a text must be added to DGE before any recording
P3,तन्वी,—,—,—,0,—,none yet — provide text first,no text of this metre in the indexed DGE works; a text must be added to DGE before any recording
P3,तरलनयन,—,—,—,0,—,none yet — provide text first,no text of this metre in the indexed DGE works; a text must be added to DGE before any recording
P3,तरलि,—,—,—,0,—,none yet — provide text first,no text of this metre in the indexed DGE works; a text must be added to DGE before any recording
P3,तामरस,—,—,—,0,—,none yet — provide text first,no text of this metre in the indexed DGE works; a text must be added to DGE before any recording
P3,तारका,—,—,—,0,—,none yet — provide text first,no text of this metre in the indexed DGE works; a text must be added to DGE before any recording
P3,तूणक,—,—,—,0,—,none yet — provide text first,no text of this metre in the indexed DGE works; a text must be added to DGE before any recording
P3,त्वरितगति,—,—,—,0,—,none yet — provide text first,no text of this metre in the indexed DGE works; a text must be added to DGE before any recording
P3,दीपकमाला,—,—,—,0,—,none yet — provide text first,no text of this metre in the indexed DGE works; a text must be added to DGE before any recording
P3,द्रुतपद,—,—,—,0,—,none yet — provide text first,no text of this metre in the indexed DGE works; a text must be added to DGE before any recording
P3,नदी १,—,—,—,0,—,none yet — provide text first,no text of this metre in the indexed DGE works; a text must be added to DGE before any recording
P3,नदी २,—,—,—,0,—,none yet — provide text first,no text of this metre in the indexed DGE works; a text must be added to DGE before any recording
P3,नन्दन,—,—,—,0,—,none yet — provide text first,no text of this metre in the indexed DGE works; a text must be added to DGE before any recording
P3,नर्दटक,—,—,—,0,—,none yet — provide text first,no text of this metre in the indexed DGE works; a text must be added to DGE before any recording
P3,नलिनी,—,—,—,0,—,none yet — provide text first,no text of this metre in the indexed DGE works; a text must be added to DGE before any recording
P3,नवमालिनी,—,—,—,0,—,none yet — provide text first,no text of this metre in the indexed DGE works; a text must be added to DGE before any recording
P3,नान्दीमुखी,—,—,—,0,—,none yet — provide text first,no text of this metre in the indexed DGE works; a text must be added to DGE before any recording
P3,नाराचिका,—,—,—,0,—,none yet — provide text first,no text of this metre in the indexed DGE works; a text must be added to DGE before any recording
P3,निशिपालक,—,—,—,0,—,none yet — provide text first,no text of this metre in the indexed DGE works; a text must be added to DGE before any recording
P3,पङ्क्ति,—,—,—,0,—,none yet — provide text first,no text of this metre in the indexed DGE works; a text must be added to DGE before any recording
P3,पञ्चकावली,—,—,—,0,—,none yet — provide text first,no text of this metre in the indexed DGE works; a text must be added to DGE before any recording
P3,पणव,—,—,—,0,—,none yet — provide text first,no text of this metre in the indexed DGE works; a text must be added to DGE before any recording
P3,पथ्या,—,—,—,0,—,none yet — provide text first,no text of this metre in the indexed DGE works; a text must be added to DGE before any recording
P3,पादाकुलक,—,—,—,0,—,none yet — provide text first,no text of this metre in the indexed DGE works; a text must be added to DGE before any recording
P3,पुट,—,—,—,0,—,none yet — provide text first,no text of this metre in the indexed DGE works; a text must be added to DGE before any recording
P3,प्रभा,—,—,—,0,—,none yet — provide text first,no text of this metre in the indexed DGE works; a text must be added to DGE before any recording
P3,प्रमदा,—,—,—,0,—,none yet — provide text first,no text of this metre in the indexed DGE works; a text must be added to DGE before any recording
P3,प्रमाणिका,—,—,—,0,—,none yet — provide text first,no text of this metre in the indexed DGE works; a text must be added to DGE before any recording
P3,प्रवरललित,—,—,—,0,—,none yet — provide text first,no text of this metre in the indexed DGE works; a text must be added to DGE before any recording
P3,प्रहरणकलिका,—,—,—,0,—,none yet — provide text first,no text of this metre in the indexed DGE works; a text must be added to DGE before any recording
P3,प्रियंवदा,—,—,—,0,—,none yet — provide text first,no text of this metre in the indexed DGE works; a text must be added to DGE before any recording
P3,प्रिया,—,—,—,0,—,none yet — provide text first,no text of this metre in the indexed DGE works; a text must be added to DGE before any recording
P3,प्रीति,—,—,—,0,—,none yet — provide text first,no text of this metre in the indexed DGE works; a text must be added to DGE before any recording
P3,बृहती,—,—,—,0,—,none yet — provide text first,no text of this metre in the indexed DGE works; a text must be added to DGE before any recording
P3,भद्रक,—,—,—,0,—,none yet — provide text first,no text of this metre in the indexed DGE works; a text must be added to DGE before any recording
P3,भद्रिका १,—,—,—,0,—,none yet — provide text first,no text of this metre in the indexed DGE works; a text must be added to DGE before any recording
P3,भद्रिका २,—,—,—,0,—,none yet — provide text first,no text of this metre in the indexed DGE works; a text must be added to DGE before any recording
P3,भुजगशिशुभृता,—,—,—,0,—,none yet — provide text first,no text of this metre in the indexed DGE works; a text must be added to DGE before any recording
P3,भुजङ्गविजृम्भित,—,—,—,0,—,none yet — provide text first,no text of this metre in the indexed DGE works; a text must be added to DGE before any recording
P3,भुजङ्गसङ्गता,—,—,—,0,—,none yet — provide text first,no text of this metre in the indexed DGE works; a text must be added to DGE before any recording
P3,भ्रमरविलसित,—,—,—,0,—,none yet — provide text first,no text of this metre in the indexed DGE works; a text must be added to DGE before any recording
P3,मङ्गलमहश्री,—,—,—,0,—,none yet — provide text first,no text of this metre in the indexed DGE works; a text must be added to DGE before any recording
P3,मञ्जुहासिनी,—,—,—,0,—,none yet — provide text first,no text of this metre in the indexed DGE works; a text must be added to DGE before any recording
P3,मणिगुणनिकर,—,—,—,0,—,none yet — provide text first,no text of this metre in the indexed DGE works; a text must be added to DGE before any recording
P3,मणिमध्य,—,—,—,0,—,none yet — provide text first,no text of this metre in the indexed DGE works; a text must be added to DGE before any recording
P3,मणिराग,—,—,—,0,—,none yet — provide text first,no text of this metre in the indexed DGE works; a text must be added to DGE before any recording
P3,मत्तमयूर,—,—,—,0,—,none yet — provide text first,no text of this metre in the indexed DGE works; a text must be added to DGE before any recording
P3,मत्तविलासिनी,—,—,—,0,—,none yet — provide text first,no text of this metre in the indexed DGE works; a text must be added to DGE before any recording
P3,मत्ता,—,—,—,0,—,none yet — provide text first,no text of this metre in the indexed DGE works; a text must be added to DGE before any recording
P3,मत्ताक्रीडा,—,—,—,0,—,none yet — provide text first,no text of this metre in the indexed DGE works; a text must be added to DGE before any recording
P3,मत्तेभविक्रीडित,—,—,—,0,—,none yet — provide text first,no text of this metre in the indexed DGE works; a text must be added to DGE before any recording
P3,मदनललिता,—,—,—,0,—,none yet — provide text first,no text of this metre in the indexed DGE works; a text must be added to DGE before any recording
P3,मदलेखा,—,—,—,0,—,none yet — provide text first,no text of this metre in the indexed DGE works; a text must be added to DGE before any recording
P3,मदिरा,—,—,—,0,—,none yet — provide text first,no text of this metre in the indexed DGE works; a text must be added to DGE before any recording
P3,मधुमती,—,—,—,0,—,none yet — provide text first,no text of this metre in the indexed DGE works; a text must be added to DGE before any recording
P3,मध्यक्षामा,—,—,—,0,—,none yet — provide text first,no text of this metre in the indexed DGE works; a text must be added to DGE before any recording
P3,मनोरमा,—,—,—,0,—,none yet — provide text first,no text of this metre in the indexed DGE works; a text must be added to DGE before any recording
P3,मन्दा,—,—,—,0,—,none yet — provide text first,no text of this metre in the indexed DGE works; a text must be added to DGE before any recording
P3,मन्दारमाला,—,—,—,0,—,none yet — provide text first,no text of this metre in the indexed DGE works; a text must be added to DGE before any recording
P3,मयूरसारिणी,—,—,—,0,—,none yet — provide text first,no text of this metre in the indexed DGE works; a text must be added to DGE before any recording
P3,महास्रग्धरा,—,—,—,0,—,none yet — provide text first,no text of this metre in the indexed DGE works; a text must be added to DGE before any recording
P3,मानसहंस,—,—,—,0,—,none yet — provide text first,no text of this metre in the indexed DGE works; a text must be added to DGE before any recording
P3,मालती,—,—,—,0,—,none yet — provide text first,no text of this metre in the indexed DGE works; a text must be added to DGE before any recording
P3,मुकुल,—,—,—,0,—,none yet — provide text first,no text of this metre in the indexed DGE works; a text must be added to DGE before any recording
P3,मृगेन्द्रमुख,—,—,—,0,—,none yet — provide text first,no text of this metre in the indexed DGE works; a text must be added to DGE before any recording
P3,मेघवितान,—,—,—,0,—,none yet — provide text first,no text of this metre in the indexed DGE works; a text must be added to DGE before any recording
P3,मेघविस्फूर्जिता,—,—,—,0,—,none yet — provide text first,no text of this metre in the indexed DGE works; a text must be added to DGE before any recording
P3,मोटक,—,—,—,0,—,none yet — provide text first,no text of this metre in the indexed DGE works; a text must be added to DGE before any recording
P3,मोटनक,—,—,—,0,—,none yet — provide text first,no text of this metre in the indexed DGE works; a text must be added to DGE before any recording
P3,मौक्तिकदाम,—,—,—,0,—,none yet — provide text first,no text of this metre in the indexed DGE works; a text must be added to DGE before any recording
P3,मौक्तिकमाला,—,—,—,0,—,none yet — provide text first,no text of this metre in the indexed DGE works; a text must be added to DGE before any recording
P3,रमणी,—,—,—,0,—,none yet — provide text first,no text of this metre in the indexed DGE works; a text must be added to DGE before any recording
P3,रुक्मवती,—,—,—,0,—,none yet — provide text first,no text of this metre in the indexed DGE works; a text must be added to DGE before any recording
P3,लक्ष्मी,—,—,—,0,—,none yet — provide text first,no text of this metre in the indexed DGE works; a text must be added to DGE before any recording
P3,लयग्राहि,—,—,—,0,—,none yet — provide text first,no text of this metre in the indexed DGE works; a text must be added to DGE before any recording
P3,लयविभाति,—,—,—,0,—,none yet — provide text first,no text of this metre in the indexed DGE works; a text must be added to DGE before any recording
P3,ललना,—,—,—,0,—,none yet — provide text first,no text of this metre in the indexed DGE works; a text must be added to DGE before any recording
P3,ललित,—,—,—,0,—,none yet — provide text first,no text of this metre in the indexed DGE works; a text must be added to DGE before any recording
P3,ललित,—,—,—,0,—,none yet — provide text first,no text of this metre in the indexed DGE works; a text must be added to DGE before any recording
P3,ललिता,—,—,—,0,—,none yet — provide text first,no text of this metre in the indexed DGE works; a text must be added to DGE before any recording
P3,लासिनी,—,—,—,0,—,none yet — provide text first,no text of this metre in the indexed DGE works; a text must be added to DGE before any recording
P3,लोला,—,—,—,0,—,none yet — provide text first,no text of this metre in the indexed DGE works; a text must be added to DGE before any recording
P3,वंशपत्रपतित,—,—,—,0,—,none yet — provide text first,no text of this metre in the indexed DGE works; a text must be added to DGE before any recording
P3,वक्त्र,—,—,—,0,—,none yet — provide text first,no text of this metre in the indexed DGE works; a text must be added to DGE before any recording
P3,वसुमती,—,—,—,0,—,none yet — provide text first,no text of this metre in the indexed DGE works; a text must be added to DGE before any recording
P3,वाणिनी,—,—,—,0,—,none yet — provide text first,no text of this metre in the indexed DGE works; a text must be added to DGE before any recording
P3,वासन्ती,—,—,—,0,—,none yet — provide text first,no text of this metre in the indexed DGE works; a text must be added to DGE before any recording
P3,वासन्ती (श),—,—,—,0,—,none yet — provide text first,no text of this metre in the indexed DGE works; a text must be added to DGE before any recording
P3,विद्याधार,—,—,—,0,—,none yet — provide text first,no text of this metre in the indexed DGE works; a text must be added to DGE before any recording
P3,विध्वङ्कमाला,—,—,—,0,—,none yet — provide text first,no text of this metre in the indexed DGE works; a text must be added to DGE before any recording
P3,विपिनतिलक,—,—,—,0,—,none yet — provide text first,no text of this metre in the indexed DGE works; a text must be added to DGE before any recording
P3,वृत्ता,—,—,—,0,—,none yet — provide text first,no text of this metre in the indexed DGE works; a text must be added to DGE before any recording
P3,वेगवती,—,—,—,0,—,none yet — provide text first,no text of this metre in the indexed DGE works; a text must be added to DGE before any recording
P3,वैश्वदेवी,—,—,—,0,—,none yet — provide text first,no text of this metre in the indexed DGE works; a text must be added to DGE before any recording
P3,शशिकला,—,—,—,0,—,none yet — provide text first,no text of this metre in the indexed DGE works; a text must be added to DGE before any recording
P3,शशिवदना,—,—,—,0,—,none yet — provide text first,no text of this metre in the indexed DGE works; a text must be added to DGE before any recording
P3,शार्दूलललित,—,—,—,0,—,none yet — provide text first,no text of this metre in the indexed DGE works; a text must be added to DGE before any recording
P3,शुद्धविराट्,—,—,—,0,—,none yet — provide text first,no text of this metre in the indexed DGE works; a text must be added to DGE before any recording
P3,श्येनी,—,—,—,0,—,none yet — provide text first,no text of this metre in the indexed DGE works; a text must be added to DGE before any recording
P3,सती,—,—,—,0,—,none yet — provide text first,no text of this metre in the indexed DGE works; a text must be added to DGE before any recording
P3,समानिका,—,—,—,0,—,none yet — provide text first,no text of this metre in the indexed DGE works; a text must be added to DGE before any recording
P3,समृद्धि,—,—,—,0,—,none yet — provide text first,no text of this metre in the indexed DGE works; a text must be added to DGE before any recording
P3,सान्द्रपद,—,—,—,0,—,none yet — provide text first,no text of this metre in the indexed DGE works; a text must be added to DGE before any recording
P3,सारङ्ग,—,—,—,0,—,none yet — provide text first,no text of this metre in the indexed DGE works; a text must be added to DGE before any recording
P3,सावित्री,—,—,—,0,—,none yet — provide text first,no text of this metre in the indexed DGE works; a text must be added to DGE before any recording
P3,सुकेसर,—,—,—,0,—,none yet — provide text first,no text of this metre in the indexed DGE works; a text must be added to DGE before any recording
P3,सुपवित्र,—,—,—,0,—,none yet — provide text first,no text of this metre in the indexed DGE works; a text must be added to DGE before any recording
P3,सुमधुरा,—,—,—,0,—,none yet — provide text first,no text of this metre in the indexed DGE works; a text must be added to DGE before any recording
P3,सुमन्दारमाला,—,—,—,0,—,none yet — provide text first,no text of this metre in the indexed DGE works; a text must be added to DGE before any recording
P3,सुमुखी,—,—,—,0,—,none yet — provide text first,no text of this metre in the indexed DGE works; a text must be added to DGE before any recording
P3,सुरसा,—,—,—,0,—,none yet — provide text first,no text of this metre in the indexed DGE works; a text must be added to DGE before any recording
P3,सुवदना,—,—,—,0,—,none yet — provide text first,no text of this metre in the indexed DGE works; a text must be added to DGE before any recording
P3,सोमराजी,—,—,—,0,—,none yet — provide text first,no text of this metre in the indexed DGE works; a text must be added to DGE before any recording
P3,सौरभ,—,—,—,0,—,none yet — provide text first,no text of this metre in the indexed DGE works; a text must be added to DGE before any recording
P3,स्रक्,—,—,—,0,—,none yet — provide text first,no text of this metre in the indexed DGE works; a text must be added to DGE before any recording
P3,हंसगति,—,—,—,0,—,none yet — provide text first,no text of this metre in the indexed DGE works; a text must be added to DGE before any recording
P3,हंसमाला,—,—,—,0,—,none yet — provide text first,no text of this metre in the indexed DGE works; a text must be added to DGE before any recording
P3,हंसरुत,—,—,—,0,—,none yet — provide text first,no text of this metre in the indexed DGE works; a text must be added to DGE before any recording
P3,हंसी १,—,—,—,0,—,none yet — provide text first,no text of this metre in the indexed DGE works; a text must be added to DGE before any recording
P3,हंसी २,—,—,—,0,—,none yet — provide text first,no text of this metre in the indexed DGE works; a text must be added to DGE before any recording
P3,हरनर्तक,—,—,—,0,—,none yet — provide text first,no text of this metre in the indexed DGE works; a text must be added to DGE before any recording
P3,हरिणप्लुता,—,—,—,0,—,none yet — provide text first,no text of this metre in the indexed DGE works; a text must be added to DGE before any recording
P3,हलमुखी,—,—,—,0,—,none yet — provide text first,no text of this metre in the indexed DGE works; a text must be added to DGE before any recording
