chandas,best_reference,alternatives,recordings,duration,lg_pattern,quality,confidence,status,what_is_missing
अनुष्टुप्,kamadhenu_dataset/incoming_audio/drive/Shlokas/tp1.13.tp13.mp3,5,584,17.136,LLGLLGGG|LLGGLGLL|LLGLLGGL|LLGGLGLG,A,0.95,🟡 PARTIAL,human confirmation that the audio speaks exactly this text (listen once); yati not in DGE DB for this metre (no pause guidance)
उपजाति,kamadhenu_dataset/incoming_audio/drive/Bhagavata Saroddhara/SBS1.1.SBS1.mp3,5,292,17.633,LGLGGLLGLGLG|LGLGGLLGLGLG|LGLGGLLGLGLG|GGLGGLLGLGLG,A,0.95,🟡 PARTIAL,human confirmation that the audio speaks exactly this text (listen once); yati not in DGE DB for this metre (no pause guidance)
वसन्ततिलका,kamadhenu_dataset/incoming_audio/drive/Bhagavata Saroddhara/SBS5.24.SBS80.mp3,5,171,21.969,GGLGLLLGLLGLGG|GGLGLLLGLLGLGG|GGLGLLLGLLGLGG|GGLGLLLGLLGLGG,A,0.95,🟡 PARTIAL,human confirmation that the audio speaks exactly this text (listen once)
स्वागता,kamadhenu_dataset/incoming_audio/dge_linked/raghavendra_vijaya/rv10.41.mp3,5,158,17.184,GLGLLLGLLGG|GLGLLLGLLGG|GLGLLLGLLGG|GLGLLLGLLGG,B,1.0,🟡 PARTIAL,human confirmation that the audio speaks exactly this text (listen once)
शालिनी,kamadhenu_dataset/incoming_audio/drive/Bhagavata Saroddhara/SBS11.22.SBS168.mp3,5,113,17.789,GGGGGLGGLGG|GGGGGLGGLGG|GGGGGLGGLGG|GGGGGLGGLGG,A,0.95,🟡 PARTIAL,human confirmation that the audio speaks exactly this text (listen once)
वसन्तमालिका,kamadhenu_dataset/incoming_audio/dge_linked/sumadhva_vijaya/smv13.43.mp3,5,112,15.256,LLGLLGLGLGG|LLGGLLGLGLGG|LLGLLGLGLGG|LLGGLLGLGLGG,B,1.0,🟡 PARTIAL,human confirmation that the audio speaks exactly this text (listen once); ≥24 kHz source (this one is 11025 Hz); yati not in DGE DB for this metre (no pause guidance)
वंशस्थ,kamadhenu_dataset/incoming_audio/drive/Bhagavata Saroddhara/SBS2.2.SBS18.mp3,5,92,15.7,LGLGGLLGLGLG|LGLGGLLGLGLG|LGLGGLLGLGLG|LGLGGLLGLGLG,A,0.95,🟡 PARTIAL,human confirmation that the audio speaks exactly this text (listen once)
मञ्जुभाषिणी,kamadhenu_dataset/incoming_audio/dge_linked/sumadhva_vijaya/smv14.53.mp3,5,88,14.315,LLGLGLLLGLGLG|LLGLGLLLGLGLL|LLGLGLLLGLGLG|LLGLGLLLGLGLG,B,1.0,🟡 PARTIAL,human confirmation that the audio speaks exactly this text (listen once); ≥24 kHz source (this one is 11025 Hz)
रथोद्धता,kamadhenu_dataset/incoming_audio/dge_linked/raghavendra_vijaya/rv06.72.mp3,5,77,16.752,GLGLLLGLGLG|GLGLLLGLGLG|GLGLLLGLGLG|GLGLLLGLGLG,B,1.0,🟡 PARTIAL,human confirmation that the audio speaks exactly this text (listen once)
प्रमिताक्षरा,kamadhenu_dataset/incoming_audio/dge_linked/sumadhva_vijaya/smv11.63.mp3,5,70,12.225,LLGLGLLLGLLG|LLGLGLLLGLLG|LLGLGLLLGLLG|LLGLGLLLGLLG,B,1.0,🟡 PARTIAL,human confirmation that the audio speaks exactly this text (listen once); ≥24 kHz source (this one is 11025 Hz)
द्रुतविलम्बित,kamadhenu_dataset/incoming_audio/drive/Bhagavata Saroddhara/SBS4.6.SBS48.mp3,5,64,16.823,LLLGLLGLLGLG|LLLGLLGLLGLG|LLLGLLGLLGLG|LLLGLLGLLGLG,A,0.95,🟡 PARTIAL,human confirmation that the audio speaks exactly this text (listen once)
"वियोगिनी, वैतालीय, सुन्दरी",kamadhenu_dataset/incoming_audio/dge_linked/sumadhva_vijaya/smv7.12.mp3,5,55,13.375,LLGLLGLGLG|LLGGLLGLGLG|LLGLLGLGLG|LLGGLLGLGLG,B,1.0,🟡 PARTIAL,human confirmation that the audio speaks exactly this text (listen once); ≥24 kHz source (this one is 11025 Hz); yati not in DGE DB for this metre (no pause guidance)
मालिनी,kamadhenu_dataset/incoming_audio/drive/Shlokas/tp1.2.tp2.mp3,5,54,12.8,LLLLLLGGGLGGLGG|LLLLLLGGGLGGLGG|LLLLLLGGGLGGLGG|LLLLLLGGGLGGLGG,A,0.95,🟡 PARTIAL,human confirmation that the audio speaks exactly this text (listen once)
प्रहर्षिणी,kamadhenu_dataset/incoming_audio/dge_linked/sumadhva_vijaya/smv16.34.mp3,5,53,16.509,GGGLLLLGLGLGG|GGGLLLLGLGLGL|GGGLLLLGLGLGG|GGGLLLLGLGLGL,B,1.0,🟡 PARTIAL,human confirmation that the audio speaks exactly this text (listen once); ≥24 kHz source (this one is 11025 Hz)
इन्द्रवज्रा,kamadhenu_dataset/incoming_audio/drive/Bhagavata Saroddhara/SBS20.69.SBS305.mp3,5,29,16.98,GGLGGLLGLGG|GGLGGLLGLGL|GGLGGLLGLGG|GGLGGLLGLGG,A,0.95,🟡 PARTIAL,human confirmation that the audio speaks exactly this text (listen once)
शार्दूलविक्रीडित,kamadhenu_dataset/incoming_audio/drive/Shlokas/tp1.1.tp1.mp3,5,22,12.957,GGGLLGLGLLLGGGLGGLG|GGGLLGLGLLLGGGLGGLG|GGGLLGLGLLLGGGLGGLG|GGGLLGLGLLLGGGLGGLG,A,0.95,🟡 PARTIAL,human confirmation that the audio speaks exactly this text (listen once)
उपेन्द्रवज्रा,kamadhenu_dataset/incoming_audio/drive/Shlokas/tp1.4.tp4.mp3,5,17,18.26,LGLGGLLGLGL|LGLGGLLGLGL|LGLGGLLGLGG|LGLGGLLGLGL,A,0.95,🟡 PARTIAL,human confirmation that the audio speaks exactly this text (listen once)
"औपच्छन्दसिक, पुष्पिताग्रा",kamadhenu_dataset/incoming_audio/drive/Bhagavata Saroddhara/SBS31.2.SBS366.mp3,5,12,19.069,LLLLLLGLGLGG|LLLLGLLGLGLGG|LLLLLLGLGLGG|LLLLGLLGLGLGL,A,0.95,🟡 PARTIAL,human confirmation that the audio speaks exactly this text (listen once); yati not in DGE DB for this metre (no pause guidance)
इन्द्रवंशा,kamadhenu_dataset/incoming_audio/drive/Bhagavata Saroddhara/SBS20.58.SBS294.mp3,5,7,17.633,GGLGGLLGLGLG|GGLGGLLGLGLG|GGLGGLLGLGLG|GGLGGLLGLGLG,A,0.95,🟡 PARTIAL,human confirmation that the audio speaks exactly this text (listen once)
आर्या,kamadhenu_dataset/incoming_audio/drive/single-file/smv/SMV/SMV.10.1.4.m4a,5,6,6.357,LLLLGLLLLG|GLLLLGLGLGLLG|LLLLLLGGG|GLLGGLGGG,B,0.95,🟡 PARTIAL,human confirmation that the audio speaks exactly this text (listen once); a full-verse (or clean hemistich) take; only a part is available; yati not in DGE DB for this metre (no pause guidance)
मात्रासमक,kamadhenu_dataset/incoming_audio/dge_linked/raghavendra_vijaya/rv08.35.mp3,4,5,17.448,GLGLLGLLLGG|GLGLLLGLLGG|GLGLLLGLLGG|GLGLLLGLLGG,B,1.0,🟡 PARTIAL,human confirmation that the audio speaks exactly this text (listen once); yati not in DGE DB for this metre (no pause guidance)
स्रग्धरा,kamadhenu_dataset/incoming_audio/dge_linked/raghavendra_vijaya/rv06.75.mp3,4,5,42.0,GGGGLGGLLLLLLGGLGGLGG|GGGGLGGLLLLLLGGLGGLGG|GGGGLGGLLLLLLGGLGGLGG|GGGGLGGLLLLLLGGLGGLGG,B,1.0,🟡 PARTIAL,human confirmation that the audio speaks exactly this text (listen once)
तोटक,kamadhenu_dataset/incoming_audio/dge_linked/sumadhva_vijaya/smv10.45.mp3,2,3,19.174,LLGLLGLLGLLG|LLGLLGLLGLLG|LLGLLGLLGLLG|LLGLLGLLGLLG,B,1.0,🟡 PARTIAL,human confirmation that the audio speaks exactly this text (listen once); ≥24 kHz source (this one is 11025 Hz)
पृथ्वी,kamadhenu_dataset/incoming_audio/dge_linked/sumadhva_vijaya/smv12.51.mp3,2,3,19.278,LGLLLGLGLLLGLGGLG|LGLLLGLGLLLGLGGLG|LGLLLGLGLLLGLGGLG|LGLLLGLGLLLGLGGLG,B,1.0,🟡 PARTIAL,human confirmation that the audio speaks exactly this text (listen once); ≥24 kHz source (this one is 11025 Hz)
शिखरिणी,kamadhenu_dataset/incoming_audio/dge_linked/sumadhva_vijaya/smv10.20.mp3,2,3,17.189,LGGGGGLLLLLGGLLLG|LGGGGGLLLLLGGLLLG|LGGGGGLLLLLGGLLLG|LGGGGGLLLLLGGLLLG,B,1.0,🟡 PARTIAL,human confirmation that the audio speaks exactly this text (listen once); ≥24 kHz source (this one is 11025 Hz)
इन्दुवदना,kamadhenu_dataset/incoming_audio/dge_linked/sumadhva_vijaya/smv10.10.mp3,1,2,17.032,GLLLGLLLGLLLGG|GLLLGLLLGLLLGG|GLLLGLLLGLLLGG|GLLLGLLLGLLLGG,B,1.0,🟡 PARTIAL,human confirmation that the audio speaks exactly this text (listen once); ≥24 kHz source (this one is 11025 Hz)
भुजङ्गप्रयात,kamadhenu_dataset/incoming_audio/drive/Shlokas/tp1.6.tp6.mp3,1,2,16.17,LGGLGGLGGLGG|LGGLGGLGGLGG|LGGLGGLGGLGG|LGGLGGLGGLGG,A,0.95,🟡 PARTIAL,human confirmation that the audio speaks exactly this text (listen once)
मन्दाक्रान्ता,kamadhenu_dataset/incoming_audio/dge_linked/sumadhva_vijaya/smv1.55.mp3,1,2,19.278,GGGGLLLLLGGLGGLGG|GGGGLLLLLGGLGGLGG|GGGGLLLLLGGLGGLGG|GGGGLLLLLGGLGGLGG,B,1.0,🟡 PARTIAL,human confirmation that the audio speaks exactly this text (listen once); ≥24 kHz source (this one is 11025 Hz)
रुचिरा,kamadhenu_dataset/incoming_audio/drive/Bhagavata Saroddhara/SBS4.1.SBS43.mp3,1,2,15.203,LGLGLLLLGLGLG|LGLGLLLLGLGLG|LGLGLLLLGLGLG|LGLGLLLLGLGLG,A,0.95,🟡 PARTIAL,human confirmation that the audio speaks exactly this text (listen once)
अन्यविधोद्गता,kamadhenu_dataset/incoming_audio/dge_linked/sumadhva_vijaya/smv10.53.mp3,0,1,13.27,LLGLGLLLGL|LLLLLGLGLG|GLLLLLGLLG|LLGLGLLLGLGLG,B,1.0,🟡 PARTIAL,human confirmation that the audio speaks exactly this text (listen once); ≥24 kHz source (this one is 11025 Hz); yati not in DGE DB for this metre (no pause guidance)
आर्यागीति,kamadhenu_dataset/incoming_audio/dge_linked/sumadhva_vijaya/smv10.46.mp3,0,1,12.121,GGGLLGG|GGGGLGLGGGG|GGLLGGG|GLLGGLGLGGLLG,B,1.0,🟡 PARTIAL,human confirmation that the audio speaks exactly this text (listen once); ≥24 kHz source (this one is 11025 Hz); yati not in DGE DB for this metre (no pause guidance)
उपगीति,kamadhenu_dataset/incoming_audio/dge_linked/sumadhva_vijaya/smv10.6.mp3,0,1,11.128,GGGGGG|GGGGLLLGG|GGGGGG|GGGGLGGG,B,1.0,🟡 PARTIAL,human confirmation that the audio speaks exactly this text (listen once); ≥24 kHz source (this one is 11025 Hz); yati not in DGE DB for this metre (no pause guidance)
दोधक,kamadhenu_dataset/incoming_audio/dge_linked/sumadhva_vijaya/smv10.16.mp3,0,1,14.524,GLLGLLGLLGG|GLLGLLGLLGG|GLLGLLGLLGL|GLLGLLGLLGG,B,1.0,🟡 PARTIAL,human confirmation that the audio speaks exactly this text (listen once); ≥24 kHz source (this one is 11025 Hz)
पञ्चचामर,kamadhenu_dataset/incoming_audio/dge_linked/raghavendra_vijaya/rv04.48.mp3,0,1,27.024,LGLGLGLGLGLGLGLG|LGLGLGLGLGLGLGLG,B,0.92,🟡 PARTIAL,"human confirmation that the audio speaks exactly this text (listen once); single-rendition clip (27.0s is 1.9× the single-rendition upper bound (14.1s) — likely repeats, teaching pauses or explanation included)"
मणिमाला,kamadhenu_dataset/incoming_audio/dge_linked/sumadhva_vijaya/smv10.21.mp3,0,1,14.681,GGLLGGGGLLGG|GGLLGGGGLLGG|GGLLGGGGLLGG|GGLLGGGGLLGG,B,1.0,🟡 PARTIAL,human confirmation that the audio speaks exactly this text (listen once); ≥24 kHz source (this one is 11025 Hz)
मृगेन्द्रमुख,kamadhenu_dataset/incoming_audio/drive/Bhagavata Saroddhara/SBS1.11.SBS11.mp3,0,1,17.45,LLLLGLLGLGLGG|LLLLGLLGLGLGG|LLLLGLLGLGLGG|LLLLGLLGLGLGG,A,0.95,🟡 PARTIAL,human confirmation that the audio speaks exactly this text (listen once); yati not in DGE DB for this metre (no pause guidance)
वातोर्मी,kamadhenu_dataset/incoming_audio/dge_linked/sumadhva_vijaya/smv10.25.mp3,0,1,12.957,GGGGLLGGLGG|GGGGLLGGLGL|GGGGLLGGLGG|GGGGLLGGLGG,B,1.0,🟡 PARTIAL,human confirmation that the audio speaks exactly this text (listen once); ≥24 kHz source (this one is 11025 Hz)
स्रग्विणी,kamadhenu_dataset/incoming_audio/dge_linked/sumadhva_vijaya/smv10.8.mp3,0,1,16.144,GLGGLGGLGGLL|GLGGLGGLGGLG|GLGGLGGLGGLL|GLGGLGGLGGLG,B,1.0,🟡 PARTIAL,human confirmation that the audio speaks exactly this text (listen once); ≥24 kHz source (this one is 11025 Hz)
हरिणी,kamadhenu_dataset/incoming_audio/dge_linked/sumadhva_vijaya/smv10.56.mp3,0,1,17.45,LLLLLGGGGGLGLLGLG|LLLLLGGGGGLGLLGLG|LLLLLGGGGGLGLLGLG|LLLLLGGGGGLGLLGLG,B,1.0,🟡 PARTIAL,human confirmation that the audio speaks exactly this text (listen once); ≥24 kHz source (this one is 11025 Hz)
अतिरेखा,—,0,0,,LLLLGLGLLLGLGLG,,,🔴 BLOCKED,no recording mapped to any text of this metre AND no text of this metre in the indexed DGE works — needs a text before a recording
अतिशायिनी,—,0,0,,LLGLLGLGLGLLLGLGG,,,🔴 BLOCKED,no recording mapped to any text of this metre AND no text of this metre in the indexed DGE works — needs a text before a recording
अद्रितनया,—,0,0,,LLLLGLGLLLGLGLLLGLGLLLG,,,🔴 BLOCKED,no recording mapped to any text of this metre AND no text of this metre in the indexed DGE works — needs a text before a recording
अनवसिता,—,0,0,,LLLLGGGLLGG,,,🔴 BLOCKED,no recording mapped to any text of this metre AND no text of this metre in the indexed DGE works — needs a text before a recording
अनुष्टुभ्,—,0,0,,LLLLLGGL|LLLLLGLL,,,🔴 BLOCKED,no recording mapped to any text of this metre AND no text of this metre in the indexed DGE works — needs a text before a recording
अपरवक्त्र,—,0,0,,LLLLLLGLGLG|LLLLGLLGLGLG,,,🔴 BLOCKED,no recording mapped to any text of this metre AND no text of this metre in the indexed DGE works — needs a text before a recording
अपराजिता,—,0,0,,LLLLLLGLGLLGLG,,,🔴 BLOCKED,no recording mapped to any text of this metre AND no text of this metre in the indexed DGE works — needs a text before a recording
अपवाह,—,0,0,,GGGLLLLLLLLLLLLLLLLLLLLGGG,,,🔴 BLOCKED,no recording mapped to any text of this metre AND no text of this metre in the indexed DGE works — needs a text before a recording
असम्बाधा,—,0,0,,GGGGGLLLLLLGGG,,,🔴 BLOCKED,no recording mapped to any text of this metre AND no text of this metre in the indexed DGE works — needs a text before a recording
आर्या - विपुला,—,0,0,,,,,🔴 BLOCKED,no recording mapped to any text of this metre AND no text of this metre in the indexed DGE works — needs a text before a recording
उज्ज्वला,—,0,0,,LLLLLLGLLGLG,,,🔴 BLOCKED,no recording mapped to any text of this metre AND no text of this metre in the indexed DGE works — needs a text before a recording
उद्गता,—,0,0,,LLGLGLLLGL|LLLLLGLGLG|GLLLLLLGLLG|LLGLGLLLGLGLG,,,🔴 BLOCKED,no recording mapped to any text of this metre AND no text of this metre in the indexed DGE works — needs a text before a recording
उद्गीति,—,0,0,,,,,🔴 BLOCKED,no recording mapped to any text of this metre AND no text of this metre in the indexed DGE works — needs a text before a recording
उपचित्र,—,0,0,,LLGLLGLLGLG,,,🔴 BLOCKED,no recording mapped to any text of this metre AND no text of this metre in the indexed DGE works — needs a text before a recording
उपजाति (आर्द्रा),—,0,0,,LGLGGLLGLGG|GGLGGLLGLGG|GGLGGLLGLGG|LGLGGLLGLGG,,,🔴 BLOCKED,no recording mapped to any text of this metre AND no text of this metre in the indexed DGE works — needs a text before a recording
उपजाति (ऋद्धि),—,0,0,,LGLGGLLGLGG|GGLGGLLGLGG|LGLGGLLGLGG|LGLGGLLGLGG,,,🔴 BLOCKED,no recording mapped to any text of this metre AND no text of this metre in the indexed DGE works — needs a text before a recording
उपजाति (कीर्ति),—,0,0,,LGLGGLLGLGG|GGLGGLLGLGG|GGLGGLLGLGG|GGLGGLLGLGG,,,🔴 BLOCKED,no recording mapped to any text of this metre AND no text of this metre in the indexed DGE works — needs a text before a recording
उपजाति (जाया),—,0,0,,GGLGGLLGLGG|LGLGGLLGLGG|LGLGGLLGLGG|GGLGGLLGLGG,,,🔴 BLOCKED,no recording mapped to any text of this metre AND no text of this metre in the indexed DGE works — needs a text before a recording
उपजाति (प्रेमा),—,0,0,,LGLGGLLGLGG|LGLGGLLGLGG|GGLGGLLGLGG|LGLGGLLGLGG,,,🔴 BLOCKED,no recording mapped to any text of this metre AND no text of this metre in the indexed DGE works — needs a text before a recording
उपजाति (बाला),—,0,0,,GGLGGLLGLGG|GGLGGLLGLGG|GGLGGLLGLGG|LGLGGLLGLGG,,,🔴 BLOCKED,no recording mapped to any text of this metre AND no text of this metre in the indexed DGE works — needs a text before a recording
उपजाति (भद्रा),—,0,0,,GGLGGLLGLGG|LGLGGLLGLGG|GGLGGLLGLGG|LGLGGLLGLGG,,,🔴 BLOCKED,no recording mapped to any text of this metre AND no text of this metre in the indexed DGE works — needs a text before a recording
उपजाति (माया),—,0,0,,LGLGGLLGLGG|LGLGGLLGLGG|LGLGGLLGLGG|GGLGGLLGLGG,,,🔴 BLOCKED,no recording mapped to any text of this metre AND no text of this metre in the indexed DGE works — needs a text before a recording
उपजाति (माला),—,0,0,,LGLGGLLGLGG|LGLGGLLGLGG|GGLGGLLGLGG|GGLGGLLGLGG,,,🔴 BLOCKED,no recording mapped to any text of this metre AND no text of this metre in the indexed DGE works — needs a text before a recording
उपजाति (रामा),—,0,0,,GGLGGLLGLGG|GGLGGLLGLGG|LGLGGLLGLGG|LGLGGLLGLGG,,,🔴 BLOCKED,no recording mapped to any text of this metre AND no text of this metre in the indexed DGE works — needs a text before a recording
उपजाति (वंशस्थ-इन्द्रवंशा १),—,0,0,,GGLGGLLGLGLG|LGLGGLLGLGLG|LGLGGLLGLGLG|LGLGGLLGLGLG,,,🔴 BLOCKED,no recording mapped to any text of this metre AND no text of this metre in the indexed DGE works — needs a text before a recording
उपजाति (वंशस्थ-इन्द्रवंशा १०),—,0,0,,LGLGGLLGLGLG|GGLGGLLGLGLG|LGLGGLLGLGLG|GGLGGLLGLGLG,,,🔴 BLOCKED,no recording mapped to any text of this metre AND no text of this metre in the indexed DGE works — needs a text before a recording
उपजाति (वंशस्थ-इन्द्रवंशा ११),—,0,0,,GGLGGLLGLGLG|GGLGGLLGLGLG|LGLGGLLGLGLG|GGLGGLLGLGLG,,,🔴 BLOCKED,no recording mapped to any text of this metre AND no text of this metre in the indexed DGE works — needs a text before a recording
उपजाति (वंशस्थ-इन्द्रवंशा १२),—,0,0,,LGLGGLLGLGLG|LGLGGLLGLGLG|GGLGGLLGLGLG|GGLGGLLGLGLG,,,🔴 BLOCKED,no recording mapped to any text of this metre AND no text of this metre in the indexed DGE works — needs a text before a recording
उपजाति (वंशस्थ-इन्द्रवंशा १३),—,0,0,,GGLGGLLGLGLG|LGLGGLLGLGLG|GGLGGLLGLGLG|GGLGGLLGLGLG,,,🔴 BLOCKED,no recording mapped to any text of this metre AND no text of this metre in the indexed DGE works — needs a text before a recording
उपजाति (वंशस्थ-इन्द्रवंशा १४),—,0,0,,LGLGGLLGLGLG|GGLGGLLGLGLG|GGLGGLLGLGLG|GGLGGLLGLGLG,,,🔴 BLOCKED,no recording mapped to any text of this metre AND no text of this metre in the indexed DGE works — needs a text before a recording
उपजाति (वंशस्थ-इन्द्रवंशा २),—,0,0,,LGLGGLLGLGLG|GGLGGLLGLGLG|LGLGGLLGLGLG|LGLGGLLGLGLG,,,🔴 BLOCKED,no recording mapped to any text of this metre AND no text of this metre in the indexed DGE works — needs a text before a recording
उपजाति (वंशस्थ-इन्द्रवंशा ३),—,0,0,,GGLGGLLGLGLG|GGLGGLLGLGLG|LGLGGLLGLGLG|LGLGGLLGLGLG,,,🔴 BLOCKED,no recording mapped to any text of this metre AND no text of this metre in the indexed DGE works — needs a text before a recording
उपजाति (वंशस्थ-इन्द्रवंशा ४),—,0,0,,LGLGGLLGLGLG|LGLGGLLGLGLG|GGLGGLLGLGLG|LGLGGLLGLGLG,,,🔴 BLOCKED,no recording mapped to any text of this metre AND no text of this metre in the indexed DGE works — needs a text before a recording
उपजाति (वंशस्थ-इन्द्रवंशा ५),—,0,0,,GGLGGLLGLGLG|LGLGGLLGLGLG|GGLGGLLGLGLG|LGLGGLLGLGLG,,,🔴 BLOCKED,no recording mapped to any text of this metre AND no text of this metre in the indexed DGE works — needs a text before a recording
उपजाति (वंशस्थ-इन्द्रवंशा ६),—,0,0,,GGLGGLLGLGLG|GGLGGLLGLGLG|GGLGGLLGLGLG|LGLGGLLGLGLG,,,🔴 BLOCKED,no recording mapped to any text of this metre AND no text of this metre in the indexed DGE works — needs a text before a recording
उपजाति (वंशस्थ-इन्द्रवंशा ७),—,0,0,,LGLGGLLGLGLG|GGLGGLLGLGLG|GGLGGLLGLGLG|LGLGGLLGLGLG,,,🔴 BLOCKED,no recording mapped to any text of this metre AND no text of this metre in the indexed DGE works — needs a text before a recording
उपजाति (वंशस्थ-इन्द्रवंशा ८),—,0,0,,LGLGGLLGLGLG|LGLGGLLGLGLG|LGLGGLLGLGLG|GGLGGLLGLGLG,,,🔴 BLOCKED,no recording mapped to any text of this metre AND no text of this metre in the indexed DGE works — needs a text before a recording
उपजाति (वंशस्थ-इन्द्रवंशा ९),—,0,0,,GGLGGLLGLGLG|LGLGGLLGLGLG|LGLGGLLGLGLG|GGLGGLLGLGLG,,,🔴 BLOCKED,no recording mapped to any text of this metre AND no text of this metre in the indexed DGE works — needs a text before a recording
उपजाति (वाणी),—,0,0,,GGLGGLLGLGG|LGLGGLLGLGG|GGLGGLLGLGG|GGLGGLLGLGG,,,🔴 BLOCKED,no recording mapped to any text of this metre AND no text of this metre in the indexed DGE works — needs a text before a recording
उपजाति (शार्दूलविक्रीडित-स्रग्धरा १),—,0,0,,GGGLLGLGLLLGGGLGGLG|GGGGLGGLLLLLLGGLGGLGG|GGGGLGGLLLLLLGGLGGLGG|GGGGLGGLLLLLLGGLGGLGG,,,🔴 BLOCKED,no recording mapped to any text of this metre AND no text of this metre in the indexed DGE works — needs a text before a recording
उपजाति (शार्दूलविक्रीडित-स्रग्धरा १०),—,0,0,,GGGGLGGLLLLLLGGLGGLGG|GGGLLGLGLLLGGGLGGLG|GGGGLGGLLLLLLGGLGGLGG|GGGLLGLGLLLGGGLGGLG,,,🔴 BLOCKED,no recording mapped to any text of this metre AND no text of this metre in the indexed DGE works — needs a text before a recording
उपजाति (शार्दूलविक्रीडित-स्रग्धरा ११),—,0,0,,GGGLLGLGLLLGGGLGGLG|GGGLLGLGLLLGGGLGGLG|GGGGLGGLLLLLLGGLGGLGG|GGGLLGLGLLLGGGLGGLG,,,🔴 BLOCKED,no recording mapped to any text of this metre AND no text of this metre in the indexed DGE works — needs a text before a recording
उपजाति (शार्दूलविक्रीडित-स्रग्धरा १२),—,0,0,,GGGGLGGLLLLLLGGLGGLGG|GGGGLGGLLLLLLGGLGGLGG|GGGLLGLGLLLGGGLGGLG|GGGLLGLGLLLGGGLGGLG,,,🔴 BLOCKED,no recording mapped to any text of this metre AND no text of this metre in the indexed DGE works — needs a text before a recording
उपजाति (शार्दूलविक्रीडित-स्रग्धरा १३),—,0,0,,GGGLLGLGLLLGGGLGGLG|GGGGLGGLLLLLLGGLGGLGG|GGGLLGLGLLLGGGLGGLG|GGGLLGLGLLLGGGLGGLG,,,🔴 BLOCKED,no recording mapped to any text of this metre AND no text of this metre in the indexed DGE works — needs a text before a recording
उपजाति (शार्दूलविक्रीडित-स्रग्धरा १४),—,0,0,,GGGGLGGLLLLLLGGLGGLGG|GGGLLGLGLLLGGGLGGLG|GGGLLGLGLLLGGGLGGLG|GGGLLGLGLLLGGGLGGLG,,,🔴 BLOCKED,no recording mapped to any text of this metre AND no text of this metre in the indexed DGE works — needs a text before a recording
उपजाति (शार्दूलविक्रीडित-स्रग्धरा २),—,0,0,,GGGGLGGLLLLLLGGLGGLGG|GGGLLGLGLLLGGGLGGLG|GGGGLGGLLLLLLGGLGGLGG|GGGGLGGLLLLLLGGLGGLGG,,,🔴 BLOCKED,no recording mapped to any text of this metre AND no text of this metre in the indexed DGE works — needs a text before a recording
उपजाति (शार्दूलविक्रीडित-स्रग्धरा ३),—,0,0,,GGGLLGLGLLLGGGLGGLG|GGGLLGLGLLLGGGLGGLG|GGGGLGGLLLLLLGGLGGLGG|GGGGLGGLLLLLLGGLGGLGG,,,🔴 BLOCKED,no recording mapped to any text of this metre AND no text of this metre in the indexed DGE works — needs a text before a recording
उपजाति (शार्दूलविक्रीडित-स्रग्धरा ४),—,0,0,,GGGGLGGLLLLLLGGLGGLGG|GGGGLGGLLLLLLGGLGGLGG|GGGLLGLGLLLGGGLGGLG|GGGGLGGLLLLLLGGLGGLGG,,,🔴 BLOCKED,no recording mapped to any text of this metre AND no text of this metre in the indexed DGE works — needs a text before a recording
उपजाति (शार्दूलविक्रीडित-स्रग्धरा ५),—,0,0,,GGGLLGLGLLLGGGLGGLG|GGGGLGGLLLLLLGGLGGLGG|GGGLLGLGLLLGGGLGGLG|GGGGLGGLLLLLLGGLGGLGG,,,🔴 BLOCKED,no recording mapped to any text of this metre AND no text of this metre in the indexed DGE works — needs a text before a recording
उपजाति (शार्दूलविक्रीडित-स्रग्धरा ६),—,0,0,,GGGLLGLGLLLGGGLGGLG|GGGLLGLGLLLGGGLGGLG|GGGLLGLGLLLGGGLGGLG|GGGGLGGLLLLLLGGLGGLGG,,,🔴 BLOCKED,no recording mapped to any text of this metre AND no text of this metre in the indexed DGE works — needs a text before a recording
उपजाति (शार्दूलविक्रीडित-स्रग्धरा ७),—,0,0,,GGGGLGGLLLLLLGGLGGLGG|GGGLLGLGLLLGGGLGGLG|GGGLLGLGLLLGGGLGGLG|GGGGLGGLLLLLLGGLGGLGG,,,🔴 BLOCKED,no recording mapped to any text of this metre AND no text of this metre in the indexed DGE works — needs a text before a recording
उपजाति (शार्दूलविक्रीडित-स्रग्धरा ८),—,0,0,,GGGGLGGLLLLLLGGLGGLGG|GGGGLGGLLLLLLGGLGGLGG|GGGGLGGLLLLLLGGLGGLGG|GGGLLGLGLLLGGGLGGLG,,,🔴 BLOCKED,no recording mapped to any text of this metre AND no text of this metre in the indexed DGE works — needs a text before a recording
उपजाति (शार्दूलविक्रीडित-स्रग्धरा ९),—,0,0,,GGGLLGLGLLLGGGLGGLG|GGGGLGGLLLLLLGGLGGLGG|GGGGLGGLLLLLLGGLGGLGG|GGGLLGLGLLLGGGLGGLG,,,🔴 BLOCKED,no recording mapped to any text of this metre AND no text of this metre in the indexed DGE works — needs a text before a recording
उपजाति (शाला),—,0,0,,GGLGGLLGLGG|GGLGGLLGLGG|LGLGGLLGLGG|GGLGGLLGLGG,,,🔴 BLOCKED,no recording mapped to any text of this metre AND no text of this metre in the indexed DGE works — needs a text before a recording
उपजाति (सिद्धि/बुद्धि),—,0,0,,GGLGGLLGLGG|LGLGGLLGLGG|LGLGGLLGLGG|LGLGGLLGLGG,,,🔴 BLOCKED,no recording mapped to any text of this metre AND no text of this metre in the indexed DGE works — needs a text before a recording
उपजाति (हंसी),—,0,0,,LGLGGLLGLGG|GGLGGLLGLGG|LGLGGLLGLGG|GGLGGLLGLGG,,,🔴 BLOCKED,no recording mapped to any text of this metre AND no text of this metre in the indexed DGE works — needs a text before a recording
उपमालिनी,—,0,0,,LLLLLLGGLGLLGLG,,,🔴 BLOCKED,no recording mapped to any text of this metre AND no text of this metre in the indexed DGE works — needs a text before a recording
उपस्थित,—,0,0,,LGLLLGGGLGG,,,🔴 BLOCKED,no recording mapped to any text of this metre AND no text of this metre in the indexed DGE works — needs a text before a recording
उपस्थिता,—,0,0,,GGLLGLLGLG,,,🔴 BLOCKED,no recording mapped to any text of this metre AND no text of this metre in the indexed DGE works — needs a text before a recording
ऋषभ,—,0,0,,LLGLGLLLGLLGLGG,,,🔴 BLOCKED,no recording mapped to any text of this metre AND no text of this metre in the indexed DGE works — needs a text before a recording
ऋषभगजविलसित,—,0,0,,GLLGLGLLLLLLLLLG,,,🔴 BLOCKED,no recording mapped to any text of this metre AND no text of this metre in the indexed DGE works — needs a text before a recording
एला,—,0,0,,LLGLGLLLLLLLLGG,,,🔴 BLOCKED,no recording mapped to any text of this metre AND no text of this metre in the indexed DGE works — needs a text before a recording
औपच्छन्दसिक,—,0,0,,,,,🔴 NOT STARTED,no recording mapped to any text of this metre
कन्या,—,0,0,,GGGG,,,🔴 BLOCKED,no recording mapped to any text of this metre AND no text of this metre in the indexed DGE works — needs a text before a recording
कलहंस,—,0,0,,LLGLGLLLGLLGG,,,🔴 BLOCKED,no recording mapped to any text of this metre AND no text of this metre in the indexed DGE works — needs a text before a recording
कामक्रीडा,—,0,0,,GGGGGGGGGGGGGGG,,,🔴 BLOCKED,no recording mapped to any text of this metre AND no text of this metre in the indexed DGE works — needs a text before a recording
कुटजगति,—,0,0,,LLLLGLGGGGGLG,,,🔴 BLOCKED,no recording mapped to any text of this metre AND no text of this metre in the indexed DGE works — needs a text before a recording
कुटिल,—,0,0,,LLGGLLLLLLGGGG,,,🔴 BLOCKED,no recording mapped to any text of this metre AND no text of this metre in the indexed DGE works — needs a text before a recording
कुपुरुषजनिता,—,0,0,,LLLLLLGLGGG,,,🔴 BLOCKED,no recording mapped to any text of this metre AND no text of this metre in the indexed DGE works — needs a text before a recording
कुमारललिता,—,0,0,,LGLLLGG,,,🔴 BLOCKED,no recording mapped to any text of this metre AND no text of this metre in the indexed DGE works — needs a text before a recording
कुमारी,—,0,0,,LLLLGLGLLLGLGG,,,🔴 BLOCKED,no recording mapped to any text of this metre AND no text of this metre in the indexed DGE works — needs a text before a recording
कुसुममालिका,—,0,0,,LLLGLGGLGLG,,,🔴 BLOCKED,no recording mapped to any text of this metre AND no text of this metre in the indexed DGE works — needs a text before a recording
कुसुमविचित्रा,—,0,0,,LLLLGGLLLLGG,,,🔴 BLOCKED,no recording mapped to any text of this metre AND no text of this metre in the indexed DGE works — needs a text before a recording
कुसुमितलतावेल्लिता,—,0,0,,GGGGGLLLLLGGLGGLGG,,,🔴 BLOCKED,no recording mapped to any text of this metre AND no text of this metre in the indexed DGE works — needs a text before a recording
क्रौञ्चपदा,—,0,0,,GLLGGGLLGGLLLLLLLLLLLLLLG,,,🔴 NOT STARTED,no recording mapped to any text of this metre
क्षमा,—,0,0,,LLLLLLGGLGGLG,,,🔴 BLOCKED,no recording mapped to any text of this metre AND no text of this metre in the indexed DGE works — needs a text before a recording
गजगति,—,0,0,,LLLGLLLG,,,🔴 BLOCKED,no recording mapped to any text of this metre AND no text of this metre in the indexed DGE works — needs a text before a recording
गीति,—,0,0,,,,,🔴 BLOCKED,no recording mapped to any text of this metre AND no text of this metre in the indexed DGE works — needs a text before a recording
गीतिका,—,0,0,,LLGLGLLLGGLLGLGLLGLG,,,🔴 BLOCKED,no recording mapped to any text of this metre AND no text of this metre in the indexed DGE works — needs a text before a recording
चकिता,—,0,0,,GLLLLGGGGGGLLLLG,,,🔴 BLOCKED,no recording mapped to any text of this metre AND no text of this metre in the indexed DGE works — needs a text before a recording
चक्रपद,—,0,0,,GLLLLLLLLLLLLG,,,🔴 BLOCKED,no recording mapped to any text of this metre AND no text of this metre in the indexed DGE works — needs a text before a recording
चण्डी,—,0,0,,LLLLLLLLGLLGG,,,🔴 BLOCKED,no recording mapped to any text of this metre AND no text of this metre in the indexed DGE works — needs a text before a recording
चन्द्रकान्ता,—,0,0,,GLGGLGGGGLLGLGG,,,🔴 BLOCKED,no recording mapped to any text of this metre AND no text of this metre in the indexed DGE works — needs a text before a recording
चन्द्रलेखा,—,0,0,,GGGGLGGGGLGGLGG,,,🔴 BLOCKED,no recording mapped to any text of this metre AND no text of this metre in the indexed DGE works — needs a text before a recording
चन्द्रवर्त्म,—,0,0,,GLGLLLGLLLLG,,,🔴 BLOCKED,no recording mapped to any text of this metre AND no text of this metre in the indexed DGE works — needs a text before a recording
चन्द्रौरस,—,0,0,,GGGGLLLLLLGGLG,,,🔴 BLOCKED,no recording mapped to any text of this metre AND no text of this metre in the indexed DGE works — needs a text before a recording
चित्र,—,0,0,,GLGLGLGLGLGLGLGG,,,🔴 BLOCKED,no recording mapped to any text of this metre AND no text of this metre in the indexed DGE works — needs a text before a recording
चित्रपदा,—,0,0,,GLLGLLGG,,,🔴 BLOCKED,no recording mapped to any text of this metre AND no text of this metre in the indexed DGE works — needs a text before a recording
चित्रलेखा,—,0,0,,GGGGLLLLLLGGLGGLGG,,,🔴 BLOCKED,no recording mapped to any text of this metre AND no text of this metre in the indexed DGE works — needs a text before a recording
चित्रा,—,0,0,,GGGGGGGGGLGGLGG,,,🔴 BLOCKED,no recording mapped to any text of this metre AND no text of this metre in the indexed DGE works — needs a text before a recording
जलधरमाला,—,0,0,,GGGGLLLLGGGG,,,🔴 BLOCKED,no recording mapped to any text of this metre AND no text of this metre in the indexed DGE works — needs a text before a recording
जलोद्धतगति,—,0,0,,LGLLLGLGLLLG,,,🔴 BLOCKED,no recording mapped to any text of this metre AND no text of this metre in the indexed DGE works — needs a text before a recording
तनुमध्या,—,0,0,,GGLLGG,,,🔴 BLOCKED,no recording mapped to any text of this metre AND no text of this metre in the indexed DGE works — needs a text before a recording
तन्वी,—,0,0,,GLLGGLLLLLLGGLLGLLLLLLGG,,,🔴 BLOCKED,no recording mapped to any text of this metre AND no text of this metre in the indexed DGE works — needs a text before a recording
तरलनयन,—,0,0,,LLLLLLLLLLLL,,,🔴 BLOCKED,no recording mapped to any text of this metre AND no text of this metre in the indexed DGE works — needs a text before a recording
तरलि,—,0,0,,GLLLLGLLLLGLLLLGLG,,,🔴 BLOCKED,no recording mapped to any text of this metre AND no text of this metre in the indexed DGE works — needs a text before a recording
तामरस,—,0,0,,LLLLGLLGLLGG,,,🔴 BLOCKED,no recording mapped to any text of this metre AND no text of this metre in the indexed DGE works — needs a text before a recording
तारका,—,0,0,,LLLLLLGLGGLGGLGGLG,,,🔴 BLOCKED,no recording mapped to any text of this metre AND no text of this metre in the indexed DGE works — needs a text before a recording
तूणक,—,0,0,,GLGLGLGLGLGLGLG,,,🔴 BLOCKED,no recording mapped to any text of this metre AND no text of this metre in the indexed DGE works — needs a text before a recording
त्वरितगति,—,0,0,,LLLLGLLLLG,,,🔴 BLOCKED,no recording mapped to any text of this metre AND no text of this metre in the indexed DGE works — needs a text before a recording
दीपकमाला,—,0,0,,GLLGGGLGLG,,,🔴 BLOCKED,no recording mapped to any text of this metre AND no text of this metre in the indexed DGE works — needs a text before a recording
द्रुतपद,—,0,0,,LLLGLLLLLLGG,,,🔴 BLOCKED,no recording mapped to any text of this metre AND no text of this metre in the indexed DGE works — needs a text before a recording
नदी १,—,0,0,,GGGGLG,,,🔴 BLOCKED,no recording mapped to any text of this metre AND no text of this metre in the indexed DGE works — needs a text before a recording
नदी २,—,0,0,,LLLLLLGGLLGLGG,,,🔴 BLOCKED,no recording mapped to any text of this metre AND no text of this metre in the indexed DGE works — needs a text before a recording
नन्दन,—,0,0,,LLLLGLGLLLGLGLGGLG,,,🔴 BLOCKED,no recording mapped to any text of this metre AND no text of this metre in the indexed DGE works — needs a text before a recording
नर्दटक,—,0,0,,LLLLGLGLLLGLLGLLG,,,🔴 BLOCKED,no recording mapped to any text of this metre AND no text of this metre in the indexed DGE works — needs a text before a recording
नलिनी,—,0,0,,LLGLLGLLGLLGLLG,,,🔴 BLOCKED,no recording mapped to any text of this metre AND no text of this metre in the indexed DGE works — needs a text before a recording
नवमालिनी,—,0,0,,LLLLGLGLLLGG,,,🔴 BLOCKED,no recording mapped to any text of this metre AND no text of this metre in the indexed DGE works — needs a text before a recording
नान्दीमुखी,—,0,0,,LLLLLLGGLGGLGG,,,🔴 BLOCKED,no recording mapped to any text of this metre AND no text of this metre in the indexed DGE works — needs a text before a recording
नाराचिका,—,0,0,,GGLGLGLG,,,🔴 BLOCKED,no recording mapped to any text of this metre AND no text of this metre in the indexed DGE works — needs a text before a recording
निशिपालक,—,0,0,,GLLLGLLLGLLLGLG,,,🔴 BLOCKED,no recording mapped to any text of this metre AND no text of this metre in the indexed DGE works — needs a text before a recording
पङ्क्ति,—,0,0,,GLLGG,,,🔴 BLOCKED,no recording mapped to any text of this metre AND no text of this metre in the indexed DGE works — needs a text before a recording
पञ्चकावली,—,0,0,,LLLLGLGLLLGLLGLLGLGLG,,,🔴 BLOCKED,no recording mapped to any text of this metre AND no text of this metre in the indexed DGE works — needs a text before a recording
पणव,—,0,0,,GGGLLLLGGG,,,🔴 BLOCKED,no recording mapped to any text of this metre AND no text of this metre in the indexed DGE works — needs a text before a recording
पथ्या,—,0,0,,LLGLGLLLGLGGLG,,,🔴 BLOCKED,no recording mapped to any text of this metre AND no text of this metre in the indexed DGE works — needs a text before a recording
पादाकुलक,—,0,0,,,,,🔴 BLOCKED,no recording mapped to any text of this metre AND no text of this metre in the indexed DGE works — needs a text before a recording
पुट,—,0,0,,LLLLLLGGGLGG,,,🔴 BLOCKED,no recording mapped to any text of this metre AND no text of this metre in the indexed DGE works — needs a text before a recording
प्रभा,—,0,0,,LLLLLLGLGGLG,,,🔴 BLOCKED,no recording mapped to any text of this metre AND no text of this metre in the indexed DGE works — needs a text before a recording
प्रमदा,—,0,0,,LLLLGLGLLLGLLG,,,🔴 BLOCKED,no recording mapped to any text of this metre AND no text of this metre in the indexed DGE works — needs a text before a recording
प्रमाणिका,—,0,0,,LGLGLGLG,,,🔴 NOT STARTED,no recording mapped to any text of this metre
प्रवरललित,—,0,0,,LGGGGGLLLLLGGLGG,,,🔴 BLOCKED,no recording mapped to any text of this metre AND no text of this metre in the indexed DGE works — needs a text before a recording
प्रहरणकलिका,—,0,0,,LLLLLLGLLLLLLG,,,🔴 BLOCKED,no recording mapped to any text of this metre AND no text of this metre in the indexed DGE works — needs a text before a recording
प्रियंवदा,—,0,0,,LLLGLLLGLGLG,,,🔴 BLOCKED,no recording mapped to any text of this metre AND no text of this metre in the indexed DGE works — needs a text before a recording
प्रिया,—,0,0,,LLGLG,,,🔴 BLOCKED,no recording mapped to any text of this metre AND no text of this metre in the indexed DGE works — needs a text before a recording
प्रीति,—,0,0,,GLGGG,,,🔴 BLOCKED,no recording mapped to any text of this metre AND no text of this metre in the indexed DGE works — needs a text before a recording
बृहती,—,0,0,,LLLLLLLLL,,,🔴 BLOCKED,no recording mapped to any text of this metre AND no text of this metre in the indexed DGE works — needs a text before a recording
भद्रक,—,0,0,,GLLGLGLLLGLGLLLGLGLLLG,,,🔴 BLOCKED,no recording mapped to any text of this metre AND no text of this metre in the indexed DGE works — needs a text before a recording
भद्रिका १,—,0,0,,GLGLLLGLG,,,🔴 BLOCKED,no recording mapped to any text of this metre AND no text of this metre in the indexed DGE works — needs a text before a recording
भद्रिका २,—,0,0,,LLLLLLGLGLG,,,🔴 BLOCKED,no recording mapped to any text of this metre AND no text of this metre in the indexed DGE works — needs a text before a recording
भुजगशिशुभृता,—,0,0,,LLLLLLGGG,,,🔴 BLOCKED,no recording mapped to any text of this metre AND no text of this metre in the indexed DGE works — needs a text before a recording
भुजङ्गविजृम्भित,—,0,0,,GGGGGGGGLLLLLLLLLLGLGLLGLG,,,🔴 BLOCKED,no recording mapped to any text of this metre AND no text of this metre in the indexed DGE works — needs a text before a recording
भुजङ्गसङ्गता,—,0,0,,LLGLGLGLG,,,🔴 BLOCKED,no recording mapped to any text of this metre AND no text of this metre in the indexed DGE works — needs a text before a recording
भ्रमरविलसित,—,0,0,,GGGGLLLLLLG,,,🔴 BLOCKED,no recording mapped to any text of this metre AND no text of this metre in the indexed DGE works — needs a text before a recording
मङ्गलमहश्री,—,0,0,,GLLLGLLLGLLLGLLLGLLLGLLLGG,,,🔴 BLOCKED,no recording mapped to any text of this metre AND no text of this metre in the indexed DGE works — needs a text before a recording
मञ्जुहासिनी,—,0,0,,LGLGGLLLGLGLG,,,🔴 BLOCKED,no recording mapped to any text of this metre AND no text of this metre in the indexed DGE works — needs a text before a recording
मणिगुणनिकर,—,0,0,,LLLLLLLLLLLLLLG,,,🔴 BLOCKED,no recording mapped to any text of this metre AND no text of this metre in the indexed DGE works — needs a text before a recording
मणिमध्य,—,0,0,,GLLGGGLLG,,,🔴 BLOCKED,no recording mapped to any text of this metre AND no text of this metre in the indexed DGE works — needs a text before a recording
मणिराग,—,0,0,,GLGLLGLLGG,,,🔴 BLOCKED,no recording mapped to any text of this metre AND no text of this metre in the indexed DGE works — needs a text before a recording
मत्तमयूर,—,0,0,,GGGGGLLGGLLGG,,,🔴 BLOCKED,no recording mapped to any text of this metre AND no text of this metre in the indexed DGE works — needs a text before a recording
मत्तविलासिनी,—,0,0,,GLLGLLGLLGLLGLLGLLGLG,,,🔴 BLOCKED,no recording mapped to any text of this metre AND no text of this metre in the indexed DGE works — needs a text before a recording
मत्ता,—,0,0,,GGGGLLLLGG,,,🔴 BLOCKED,no recording mapped to any text of this metre AND no text of this metre in the indexed DGE works — needs a text before a recording
मत्ताक्रीडा,—,0,0,,GGGGGGGGLLLLLLLLLLLLLLG,,,🔴 BLOCKED,no recording mapped to any text of this metre AND no text of this metre in the indexed DGE works — needs a text before a recording
मत्तेभविक्रीडित,—,0,0,,LLGGLLGLGLLLGGGLGGLG,,,🔴 BLOCKED,no recording mapped to any text of this metre AND no text of this metre in the indexed DGE works — needs a text before a recording
मदनललिता,—,0,0,,GGGGLLLLLGGGLLLG,,,🔴 BLOCKED,no recording mapped to any text of this metre AND no text of this metre in the indexed DGE works — needs a text before a recording
मदलेखा,—,0,0,,GGGLLGG,,,🔴 BLOCKED,no recording mapped to any text of this metre AND no text of this metre in the indexed DGE works — needs a text before a recording
मदिरा,—,0,0,,GLLGLLGLLGLLGLLGLLGLLG,,,🔴 BLOCKED,no recording mapped to any text of this metre AND no text of this metre in the indexed DGE works — needs a text before a recording
मधुमती,—,0,0,,LLLLLLG,,,🔴 BLOCKED,no recording mapped to any text of this metre AND no text of this metre in the indexed DGE works — needs a text before a recording
मध्यक्षामा,—,0,0,,GGGGLLLLLLGGGG,,,🔴 BLOCKED,no recording mapped to any text of this metre AND no text of this metre in the indexed DGE works — needs a text before a recording
मनोरमा,—,0,0,,LLLGLGLGLG,,,🔴 BLOCKED,no recording mapped to any text of this metre AND no text of this metre in the indexed DGE works — needs a text before a recording
मन्दा,—,0,0,,GGLLG,,,🔴 BLOCKED,no recording mapped to any text of this metre AND no text of this metre in the indexed DGE works — needs a text before a recording
मन्दारमाला,—,0,0,,GGLGGLGGLGGLGGLGGLGGLG,,,🔴 BLOCKED,no recording mapped to any text of this metre AND no text of this metre in the indexed DGE works — needs a text before a recording
मयूरसारिणी,—,0,0,,GLGLGLGLGG,,,🔴 BLOCKED,no recording mapped to any text of this metre AND no text of this metre in the indexed DGE works — needs a text before a recording
महास्रग्धरा,—,0,0,,LLGGGLGGLLLLLLGGLGGLGG,,,🔴 BLOCKED,no recording mapped to any text of this metre AND no text of this metre in the indexed DGE works — needs a text before a recording
माणवक,—,0,0,,GLLGGLLG,,,🔴 BLOCKED,no recording mapped to any text of this metre AND no text of this metre in the indexed DGE works — needs a text before a recording
मानसहंस,—,0,0,,LLGLGLLGLGLLGLG,,,🔴 BLOCKED,no recording mapped to any text of this metre AND no text of this metre in the indexed DGE works — needs a text before a recording
मालती,—,0,0,,LLLLGLLGLGLG,,,🔴 BLOCKED,no recording mapped to any text of this metre AND no text of this metre in the indexed DGE works — needs a text before a recording
मुकुल,—,0,0,,GGGLLG,,,🔴 BLOCKED,no recording mapped to any text of this metre AND no text of this metre in the indexed DGE works — needs a text before a recording
मेघवितान,—,0,0,,LLGLLGLLGG,,,🔴 BLOCKED,no recording mapped to any text of this metre AND no text of this metre in the indexed DGE works — needs a text before a recording
मेघविस्फूर्जिता,—,0,0,,LGGGGGLLLLLGGLGGLGG,,,🔴 BLOCKED,no recording mapped to any text of this metre AND no text of this metre in the indexed DGE works — needs a text before a recording
मोटक,—,0,0,,GLLGLLGLLGLL,,,🔴 BLOCKED,no recording mapped to any text of this metre AND no text of this metre in the indexed DGE works — needs a text before a recording
मोटनक,—,0,0,,GGLLGLLGLLG,,,🔴 BLOCKED,no recording mapped to any text of this metre AND no text of this metre in the indexed DGE works — needs a text before a recording
मौक्तिकदाम,—,0,0,,LGLLGLLGLLGL,,,🔴 BLOCKED,no recording mapped to any text of this metre AND no text of this metre in the indexed DGE works — needs a text before a recording
मौक्तिकमाला,—,0,0,,GLLGGLLLLGG,,,🔴 BLOCKED,no recording mapped to any text of this metre AND no text of this metre in the indexed DGE works — needs a text before a recording
रमणी,—,0,0,,LLGLLG,,,🔴 BLOCKED,no recording mapped to any text of this metre AND no text of this metre in the indexed DGE works — needs a text before a recording
रुक्मवती,—,0,0,,GLLGGGLLGG,,,🔴 BLOCKED,no recording mapped to any text of this metre AND no text of this metre in the indexed DGE works — needs a text before a recording
लक्ष्मी,—,0,0,,GGGLLGGGLGLLGG,,,🔴 BLOCKED,no recording mapped to any text of this metre AND no text of this metre in the indexed DGE works — needs a text before a recording
लयग्राहि,—,0,0,,GLLLGLLLGLLLGLLLGLLLGLLLGLLLGG,,,🔴 BLOCKED,no recording mapped to any text of this metre AND no text of this metre in the indexed DGE works — needs a text before a recording
लयविभाति,—,0,0,,LLLLLGLLGLLLLLGLLLLLLLLGLLLLLLLLLG,,,🔴 BLOCKED,no recording mapped to any text of this metre AND no text of this metre in the indexed DGE works — needs a text before a recording
ललना,—,0,0,,GLLGGGLLGLLG,,,🔴 BLOCKED,no recording mapped to any text of this metre AND no text of this metre in the indexed DGE works — needs a text before a recording
ललित,—,0,0,,LLLLLLGGGGLG,,,🔴 BLOCKED,no recording mapped to any text of this metre AND no text of this metre in the indexed DGE works — needs a text before a recording
ललिता,—,0,0,,GGLGLLLGLGLG,,,🔴 BLOCKED,no recording mapped to any text of this metre AND no text of this metre in the indexed DGE works — needs a text before a recording
लासिनी,—,0,0,,LGLG,,,🔴 BLOCKED,no recording mapped to any text of this metre AND no text of this metre in the indexed DGE works — needs a text before a recording
लोला,—,0,0,,GGGLLGGGGGLLGG,,,🔴 BLOCKED,no recording mapped to any text of this metre AND no text of this metre in the indexed DGE works — needs a text before a recording
वंशपत्रपतित,—,0,0,,GLLGLGLLLGLLLLLLG,,,🔴 BLOCKED,no recording mapped to any text of this metre AND no text of this metre in the indexed DGE works — needs a text before a recording
वक्त्र,—,0,0,,GGGGLGGG|GGGGLGGG|GLGGLGGG|GGGGLGGG,,,🔴 BLOCKED,no recording mapped to any text of this metre AND no text of this metre in the indexed DGE works — needs a text before a recording
वसुमती,—,0,0,,GGLLLG,,,🔴 BLOCKED,no recording mapped to any text of this metre AND no text of this metre in the indexed DGE works — needs a text before a recording
वाणिनी,—,0,0,,LLLLGLGLLLGLGLGG,,,🔴 BLOCKED,no recording mapped to any text of this metre AND no text of this metre in the indexed DGE works — needs a text before a recording
वासन्ती,—,0,0,,GGGGGLLLLGGGGG,,,🔴 BLOCKED,no recording mapped to any text of this metre AND no text of this metre in the indexed DGE works — needs a text before a recording
वासन्ती (श),—,0,0,,GGGGGLLLLLGGGG,,,🔴 BLOCKED,no recording mapped to any text of this metre AND no text of this metre in the indexed DGE works — needs a text before a recording
विद्याधार,—,0,0,,GGGGGGGGGGGG,,,🔴 BLOCKED,no recording mapped to any text of this metre AND no text of this metre in the indexed DGE works — needs a text before a recording
विद्युन्माला,—,0,0,,GGGGGGGG,,,🔴 BLOCKED,no recording mapped to any text of this metre AND no text of this metre in the indexed DGE works — needs a text before a recording
विध्वङ्कमाला,—,0,0,,GGLGGLGGLGG,,,🔴 BLOCKED,no recording mapped to any text of this metre AND no text of this metre in the indexed DGE works — needs a text before a recording
विपिनतिलक,—,0,0,,LLLLLGLLLGLGGLG,,,🔴 BLOCKED,no recording mapped to any text of this metre AND no text of this metre in the indexed DGE works — needs a text before a recording
वृत्ता,—,0,0,,LLLLLLLLGGG,,,🔴 BLOCKED,no recording mapped to any text of this metre AND no text of this metre in the indexed DGE works — needs a text before a recording
वेगवती,—,0,0,,LLGLLGLLGG|GLLGLLGLLGG,,,🔴 BLOCKED,no recording mapped to any text of this metre AND no text of this metre in the indexed DGE works — needs a text before a recording
वैतालीय,—,0,0,,,,,🔴 NOT STARTED,no recording mapped to any text of this metre
वैश्वदेवी,—,0,0,,GGGGGGLGGLGG,,,🔴 BLOCKED,no recording mapped to any text of this metre AND no text of this metre in the indexed DGE works — needs a text before a recording
शशिकला,—,0,0,,LLLLLLLLLLLLLLG,,,🔴 BLOCKED,no recording mapped to any text of this metre AND no text of this metre in the indexed DGE works — needs a text before a recording
शशिवदना,—,0,0,,LLLLGG,,,🔴 BLOCKED,no recording mapped to any text of this metre AND no text of this metre in the indexed DGE works — needs a text before a recording
शार्दूलललित,—,0,0,,GGGLLGLGLLLGGGLLLG,,,🔴 BLOCKED,no recording mapped to any text of this metre AND no text of this metre in the indexed DGE works — needs a text before a recording
शुद्धविराट्,—,0,0,,GGGLLGLGLG,,,🔴 BLOCKED,no recording mapped to any text of this metre AND no text of this metre in the indexed DGE works — needs a text before a recording
श्येनी,—,0,0,,GLGLGLGLGLG,,,🔴 BLOCKED,no recording mapped to any text of this metre AND no text of this metre in the indexed DGE works — needs a text before a recording
सती,—,0,0,,LLLG,,,🔴 BLOCKED,no recording mapped to any text of this metre AND no text of this metre in the indexed DGE works — needs a text before a recording
समानिका,—,0,0,,GLGLGLGL,,,🔴 BLOCKED,no recording mapped to any text of this metre AND no text of this metre in the indexed DGE works — needs a text before a recording
समृद्धि,—,0,0,,GLGG,,,🔴 BLOCKED,no recording mapped to any text of this metre AND no text of this metre in the indexed DGE works — needs a text before a recording
सान्द्रपद,—,0,0,,GLLGGLLLLGL,,,🔴 BLOCKED,no recording mapped to any text of this metre AND no text of this metre in the indexed DGE works — needs a text before a recording
सारङ्ग,—,0,0,,GGLGGLGGLGGL,,,🔴 BLOCKED,no recording mapped to any text of this metre AND no text of this metre in the indexed DGE works — needs a text before a recording
सावित्री,—,0,0,,GGGGGG,,,🔴 BLOCKED,no recording mapped to any text of this metre AND no text of this metre in the indexed DGE works — needs a text before a recording
सुकेसर,—,0,0,,LLLGLGLLLGLGLG,,,🔴 BLOCKED,no recording mapped to any text of this metre AND no text of this metre in the indexed DGE works — needs a text before a recording
सुपवित्र,—,0,0,,LLLLLLLLLLLLGG,,,🔴 BLOCKED,no recording mapped to any text of this metre AND no text of this metre in the indexed DGE works — needs a text before a recording
सुमधुरा,—,0,0,,GGGGLGGLLGLGGGGLLLG,,,🔴 BLOCKED,no recording mapped to any text of this metre AND no text of this metre in the indexed DGE works — needs a text before a recording
सुमन्दारमाला,—,0,0,,LGGLGGLGGLGGLGGLGGLGGLG,,,🔴 BLOCKED,no recording mapped to any text of this metre AND no text of this metre in the indexed DGE works — needs a text before a recording
सुमुखी,—,0,0,,LLLLGLLGLLG,,,🔴 BLOCKED,no recording mapped to any text of this metre AND no text of this metre in the indexed DGE works — needs a text before a recording
सुरसा,—,0,0,,GGGGLGGLLGLGLGGLLLG,,,🔴 BLOCKED,no recording mapped to any text of this metre AND no text of this metre in the indexed DGE works — needs a text before a recording
सुवदना,—,0,0,,GGGGLGGLLLLLLGGGLLLG,,,🔴 BLOCKED,no recording mapped to any text of this metre AND no text of this metre in the indexed DGE works — needs a text before a recording
सोमराजी,—,0,0,,LGGLGG,,,🔴 BLOCKED,no recording mapped to any text of this metre AND no text of this metre in the indexed DGE works — needs a text before a recording
सौरभ,—,0,0,,LLGLGLLLGL|LLLLLGLGLG|GLGLLLGLLG|LLGLGLLLGLGLG,,,🔴 BLOCKED,no recording mapped to any text of this metre AND no text of this metre in the indexed DGE works — needs a text before a recording
स्रक्,—,0,0,,LLLLLLLLLLLLLLG,,,🔴 BLOCKED,no recording mapped to any text of this metre AND no text of this metre in the indexed DGE works — needs a text before a recording
हंसगति,—,0,0,,LLLLGLLGLLGLLGLLGLLGLLG,,,🔴 BLOCKED,no recording mapped to any text of this metre AND no text of this metre in the indexed DGE works — needs a text before a recording
हंसमाला,—,0,0,,LLGGLGG,,,🔴 BLOCKED,no recording mapped to any text of this metre AND no text of this metre in the indexed DGE works — needs a text before a recording
हंसरुत,—,0,0,,GGGLLLGG,,,🔴 BLOCKED,no recording mapped to any text of this metre AND no text of this metre in the indexed DGE works — needs a text before a recording
हंसी १,—,0,0,,GGGGGGGGLLLLLLLLLLLLGG,,,🔴 BLOCKED,no recording mapped to any text of this metre AND no text of this metre in the indexed DGE works — needs a text before a recording
हंसी २,—,0,0,,GGGGLLLLLG,,,🔴 BLOCKED,no recording mapped to any text of this metre AND no text of this metre in the indexed DGE works — needs a text before a recording
हरनर्तक,—,0,0,,GLGLLGLGLLGLGLLGLG,,,🔴 BLOCKED,no recording mapped to any text of this metre AND no text of this metre in the indexed DGE works — needs a text before a recording
हरिणप्लुता,—,0,0,,LLGLLGLLGLG|LLLGLLGLLGLG,,,🔴 BLOCKED,no recording mapped to any text of this metre AND no text of this metre in the indexed DGE works — needs a text before a recording
हलमुखी,—,0,0,,GLGLLLLLG,,,🔴 BLOCKED,no recording mapped to any text of this metre AND no text of this metre in the indexed DGE works — needs a text before a recording
