id,direction,section,verse,type,name_in_text,also_known_as,modern_name,state,deity,significance,nearest_railway_station,how_to_reach,confidence,sources
1,West,Paschima Prabandha (West),V.6,Region,Parashurama Kshetra,Parasurama Kshethra,Konkan–Malabar coast (Gokarna to Kanyakumari),Karnataka / Kerala,Parashurama (avatar of Vishnu),"Vadiraja opens the western circuit by describing the land Parashurama reclaimed from the sea and gifted to Brahmins: the coast from Gokarna to Kanyakumari is Parashurama Kshetra, framing the whole western seaboard as sacred.",Region (served along its length by the Konkan Railway),Coastal belt; Konkan Railway runs its length between Mangaluru and points north/south.,high,https://madhwafestivals.com/2017/02/09/theertha-prabandha/
2,West,Paschima Prabandha (West),V.7,Tirtha,Madhwa Sarovara,Madhva Sarovara,"Madhwa Sarovara, Udupi",Karnataka,"Sri Krishna temple tank, Udupi","The sacred temple tank adjoining the Sri Krishna temple at Udupi, described for its purifying power for pilgrims.",Udupi (Konkan Railway),"In Udupi town, beside the Krishna temple; ~60 km north of Mangaluru.",high,https://madhwafestivals.com/2017/02/09/theertha-prabandha/
3,West,Paschima Prabandha (West),V.8-15,Kshetra,Udupi Sri Krishna,"Rajata Peetha Kshetra, Udupi Krishna Matha",Udupi Sri Krishna Temple,Karnataka,"Krishna (Bala Krishna, installed by Madhvacharya)","Vadiraja glorifies the Krishna idol that (per tradition) came from Dwaraka by ship and was rescued by Madhvacharya during a storm and installed at Udupi, worshipped in rotation by the eight mathas. As an ashta-matha pontiff, this is Vadiraja's central kshetra.",Udupi (Konkan Railway),"Udupi town centre; ~60 km from Mangaluru, ~95 km from Mangaluru airport.",high,https://madhwafestivals.com/2017/02/09/theertha-prabandha/
4,West,Paschima Prabandha (West),V.14-15,Kshetra,Anantheshwara Temple,"Ananteshwara, Anantapadmanabha (Udupi)","Ananteshwara Temple, Udupi",Karnataka,Shiva (Ananteshwara); linked to Ananta-Padmanabha,An ancient Udupi shrine where Madhvacharya's father served as priest; on moving to Pajaka he carried a replica of Ananta-Padmanabha.,Udupi (Konkan Railway),"Adjacent to the Sri Krishna temple complex, Udupi.",high,https://madhwafestivals.com/2017/02/09/theertha-prabandha/
5,West,Paschima Prabandha (West),V.16,Kshetra,Pajaka Kshetra,Pajaka Kshethra,"Pajaka, near Udupi",Karnataka,Sri Madhvacharya (idol installed by Vadiraja),"The birthplace of Madhvacharya, surrounded by four theerthas said to be created by Parashurama — Parasu, Dhanus, Gada and Bana Teertha.",Udupi (Konkan Railway),~13 km south-east of Udupi town by road.,high,https://madhwafestivals.com/2017/02/09/theertha-prabandha/
6,West,Paschima Prabandha (West),V.17-20,Kshetra,Kunjarugiri,"Kunjaragiri, Vimanagiri Durga","Kunjarugiri Durga temple hill, near Udupi",Karnataka,"Durga (four-armed), said installed by Parashurama","A hilltop Durga shrine near Udupi, traditionally consecrated by Parashurama.",Udupi (Konkan Railway),"Near Pajaka, ~11–13 km from Udupi.",high,https://madhwafestivals.com/2017/02/09/theertha-prabandha/
7,West,Paschima Prabandha (West),V.21-26,Kshetra,Ellooru Vishwanatha (Yelluru),Elluru Vishwanatha,"Vishwanatha temple, Yelluru (near Mangaluru)",Karnataka,"Shiva (Vishwanatha), with a Rudrakshi-shila linga",Noted for its special Rudrakshi-shila linga; tradition holds the temple door opened on its own for Vadiraja's darshan.,Mangaluru Junction / Mangaluru Central,On the outskirts of Mangaluru.,high,https://madhwafestivals.com/2017/02/09/theertha-prabandha/
8,West,Paschima Prabandha (West),V.27-29,Kshetra,Madhyavata Mutt,Madhyatala / Madhyavata,"Madhyavata, on the Udupi–Subrahmanya route",Karnataka,Shaligrama (one of eight Madhvacharya brought from Badari),"Madhvacharya's midday worship halt en route from Udupi to Subrahmanya, housing one of the eight Badari shaligramas.",unknown,On the road between Udupi and Kukke Subrahmanya.,high,https://madhwafestivals.com/2017/02/09/theertha-prabandha/
9,West,Paschima Prabandha (West),V.30-31,Kshetra,Chintamani Narasimha,,"Chintamani Narasimha, near the Nethravathi (Mangaluru region)",Karnataka,Narasimha,"When demonic forces disturbed Shiva's penance, Narasimha rose from Patala, destroyed them and protected Shiva — hence this shrine on the Nethravathi bank.",Mangaluru Junction,On the Nethravathi riverbank near Mangaluru/Bantwal.,high,https://madhwafestivals.com/2017/02/09/theertha-prabandha/
10,West,Paschima Prabandha (West),V.32-34,River,Nethravathi nadee,Netravati river; Kumaradhara confluence,Netravati River / Kumaradhara confluence,Karnataka,River tirtha,The Nethravathi and its confluence with the Kumaradhara are praised as purifying river-tirthas of the western coast.,Mangaluru Junction,"Confluence at Uppinangady, on the Mangaluru–Subrahmanya road.",high,https://madhwafestivals.com/2017/02/09/theertha-prabandha/
11,West,Paschima Prabandha (West),V.35-36,River,Kumaradhara nadee,Kumaradhara river,Kumaradhara River (at Kukke Subrahmanya),Karnataka,River tirtha (associated with Subrahmanya/Skanda),"A holy river near Kukke Subrahmanya, praised as a distinct tirtha (separate from the Netravati described just before it); pilgrims bathe in it to purify themselves before the darshan of Subrahmanya.",Subrahmanya Road,Flows at Kukke Subrahmanya; ~7 km from Subrahmanya Road station.,high,https://madhwafestivals.com/2017/02/09/theertha-prabandha/ | https://tirthaprabandha.wordpress.com/wp-content/uploads/2018/02/tirthaprabandha-english-translation-full.pdf
12,West,Paschima Prabandha (West),V.37-44,Kshetra,Subrahmanya Kshetra,Kukke Subramanya,Kukke Sri Subramanya,Karnataka,Subrahmanya (and Vasuki / serpent worship),Set in the Sahyadri forests; visiting clears past sins and is held efficacious for curing skin diseases and ailments. Also linked to the Vedavyasa Samputa (a hidden shaligrama shrine).,Subrahmanya Road (Mangaluru–Bengaluru line),~7 km from Subrahmanya Road station; ~105 km from Mangaluru.,high,https://madhwafestivals.com/2017/02/09/theertha-prabandha/
13,West,Paschima Prabandha (West),V.45,River,Payaswini nadee,Payaswini river,Payaswini River (Subrahmanya region),Karnataka,River tirtha,The Payaswini flowing by Subrahmanya is glorified as a sacred river-tirtha.,Subrahmanya Road,Flows near Kukke Subrahmanya.,high,https://madhwafestivals.com/2017/02/09/theertha-prabandha/
14,West,Paschima Prabandha (West),V.46,River,Suvarna nadee,Suvarna / Swarna river,Swarna River (Udupi region),Karnataka,River tirtha,Named among the sacred western river-tirthas.,Udupi,Near Udupi.,high,https://madhwafestivals.com/2017/02/09/theertha-prabandha/
15,West,Paschima Prabandha (West),V.47-48,Kshetra,Kumbhasi Kshetra,"Anegudde, Kumbhashi","Anegudde Sri Vinayaka Temple, Kumbhashi",Karnataka,Ganesha (Siddhi Vinayaka),"The demon Kumbhasura was defeated here; because Bhima slew the demon with a sword (asi), the place became Kumbhashi.",Kundapura (Konkan Railway),"~30 km north of Udupi, near Kundapura.",high,https://madhwafestivals.com/2017/02/09/theertha-prabandha/
16,West,Paschima Prabandha (West),V.49-50,Kshetra,Koteshwara Kshetra,Kotilingeshwara,Koteshwara (near Kundapura),Karnataka,Shiva (Kotilingeshwara),"A crore (koti) of sages worshipped Shiva here, so it became Kotee-eshwara, later Koteshwara.",Kundapura (Konkan Railway),"~2 km from Kumbhashi, near Kundapura.",high,https://madhwafestivals.com/2017/02/09/theertha-prabandha/
17,West,Paschima Prabandha (West),V.51-55,Kshetra,Kroda (Sankaranarayana),Krodadri / Krodashrama; Shankaranarayana,Shankaranarayana (Udupi district),Karnataka,Shiva and Vishnu unified (Udbhava linga),"One of the Sapta-Mahakshetras of Parashurama's Tulunadu, on the Shuktimati (Souparnika) river near Koteshwara; the text names it 'Kroda'. A naturally-formed (udbhava) linga sits a foot below ground, with the Shankara linga on the right and the Narayana linga on the left — its modern town is Shankaranarayana.",Kundapura / Barkur,Inland from Kundapura in Udupi district.,high,https://madhwafestivals.com/2017/02/09/theertha-prabandha/
18,West,Paschima Prabandha (West),V.56-57,Kshetra,Kolluru Mookambika Kshetra,Kollur Mookambika,Kollur Mookambika Temple,Karnataka,Mookambika (Shakti),"Devi Shakti descended and slew the demon Mookasura, from which the goddess is named Mookambika.",Byndoor Mookambika Road (Konkan Railway) / Kundapura,~80 km from Udupi at the foot of the Kodachadri hills.,high,https://madhwafestivals.com/2017/02/09/theertha-prabandha/
19,West,Paschima Prabandha (West),V.58,Mountain,Sahyadri,Sahya mountains (Western Ghats),Western Ghats,Karnataka,Mountain tirtha,The Sahyadri range is praised as the sacred mountain-tirtha of the western region.,unknown (range),The ghat ranges paralleling the Karnataka coast.,high,https://madhwafestivals.com/2017/02/09/theertha-prabandha/
20,West,Paschima Prabandha (West),V.59-63,Kshetra,Harihara,Harihareshwara,Harihar (Davanagere district),Karnataka,Harihara — Shiva and Vishnu combined in one idol,On the banks of the Tungabhadra; Hari and Hara are seen together in a single idol in the sanctum.,Harihar,"Harihar town on the Tungabhadra, on the Bengaluru–Hubballi line.",high,https://madhwafestivals.com/2017/02/09/theertha-prabandha/
21,West,Paschima Prabandha (West),V.64-67,Kshetra,Bidarahalli Ashwatha Narayana,Bidarahalli (Ashwattha Narayana),"Bidarahalli, on the Tungabhadra",Karnataka,Narayana (at a sacred ashwattha/peepal tree),The ashwattha-Narayana shrine on the Tungabhadra bank; its blessings are said to equal distant pilgrimages.,unknown,On the Tungabhadra riverbank.,high,https://madhwafestivals.com/2017/02/09/theertha-prabandha/
22,West,Paschima Prabandha (West),V.68,Kshetra,Bidarahalli Someshwara,,"Bidarahalli Someshwara, on the Tungabhadra",Karnataka,Shiva (Someshwara),A Shiva shrine on the Tungabhadra bank praised alongside the Ashwatha Narayana shrine.,unknown,On the Tungabhadra riverbank.,high,https://madhwafestivals.com/2017/02/09/theertha-prabandha/
23,West,Paschima Prabandha (West),V.69,Kshetra,Bankapura Keshava,Bankapur Keshava,Bankapura (Haveri district),Karnataka,Sri Keshava (Krishna),By tradition the Pandavas stayed here after escaping the lac palace and consecrated this Keshava idol.,Haveri,"Bankapura, ~25 km from Haveri.",high,https://madhwafestivals.com/2017/02/09/theertha-prabandha/
24,West,Paschima Prabandha (West),V.70,River,Varada nadee,Varada river,Varada River,Karnataka,River tirtha,Named as a sacred river-tirtha of the region (flows near Banavasi).,Haveri,Flows through Haveri / Uttara Kannada districts near Banavasi.,high,https://madhwafestivals.com/2017/02/09/theertha-prabandha/
25,West,Paschima Prabandha (West),V.71,Kshetra,Banavasi Madhukeshwara,,"Madhukeshwara Temple, Banavasi",Karnataka,Shiva (Madhukeshwara),The very ancient (Kadamba-era) temple at Banavasi.,Haveri (indicative; no rail at Banavasi),~25 km from Sirsi.,high,https://madhwafestivals.com/2017/02/09/theertha-prabandha/
26,West,Paschima Prabandha (West),V.72,River,Dharmaganga nadee,Dharmaganga river,Dharmaganga (Sirsi/Sonda region),Karnataka,River tirtha,Praised as sin-purifying waters.,unknown,Near Sonda / Sirsi.,high,https://madhwafestivals.com/2017/02/09/theertha-prabandha/
27,West,Paschima Prabandha (West),V.73-74,River,Shalmali nadee,Shalmali river,Shalmala River (Sirsi region),Karnataka,River tirtha,Noted for its special (seasonal) properties as a sacred river.,unknown,"Near Sirsi, Uttara Kannada.",high,https://madhwafestivals.com/2017/02/09/theertha-prabandha/
28,West,Paschima Prabandha (West),V.75-76,Kshetra,Sodaa (Sonda) Kshetra,"Sode, Sonda Vadiraja Matha","Sonda (Sode), near Sirsi",Karnataka,Sri Trivikrama (idol brought by Vadiraja); Vadiraja's Brindavana,"Vadiraja's own principal seat, where he installed the Trivikrama idol brought from Badari. The site has a unique three-wheeled stone chariot, one wheel used to defeat a demon during construction.",Kumta (Konkan Railway) / Haveri (indicative),~20 km from Sirsi.,high,https://madhwafestivals.com/2017/02/09/theertha-prabandha/
29,West,Paschima Prabandha (West),V.77-78,Kshetra,Manjuguni Venkatesha,Manjuguni Venkataramana,Manjuguni (near Sirsi),Karnataka,Venkataramana with Padmavathi,The name Manjuguni is said to derive from the thick winter fog covering the place.,Kumta / Gokarna Road (indicative),~26 km from Sirsi.,high,https://madhwafestivals.com/2017/02/09/theertha-prabandha/
30,West,Paschima Prabandha (West),V.79,Kshetra,Yenabhairava (Yana),Yana Bhairaveshwara,"Yana (rock formations), Uttara Kannada",Karnataka,Bhairava (Shiva) — cave/rock shrine,The cave-sanctuary Bhairava shrine among the western tirthas at Yana.,Kumta / Gokarna Road (indicative),"Yana rocks, in the Sahyadri near Kumta/Sirsi.",high,https://madhwafestivals.com/2017/02/09/theertha-prabandha/
31,West,Paschima Prabandha (West),V.80-83,Kshetra,Gokarna Kshetra,Gokarna Mahabaleshwara,Gokarna,Karnataka,Shiva (Atmalinga / Mahabaleshwara),"Ravana carried the Atmalinga and Ganesha tricked him into setting it down permanently, after which Shiva here became Mahabaleshwara.",Gokarna Road (Konkan Railway),~10 km from Gokarna Road station; on the Konkan coast north of Kumta.,high,https://madhwafestivals.com/2017/02/09/theertha-prabandha/
32,West,Paschima Prabandha (West),V.84-85,Kshetra,Kolhapur Mahalakshmi,"Karavira Kshetra, Ambabai",Kolhapur Mahalakshmi Temple,Maharashtra,Mahalakshmi,"The very ancient gemstone idol of Mahalakshmi, who resides at Kolhapur after leaving Vaikuntha over Brihaspati's offence.",Kolhapur (Chhatrapati Shahu Maharaj Terminus),"Kolhapur city, southern Maharashtra.",high,https://madhwafestivals.com/2017/02/09/theertha-prabandha/
33,West,Paschima Prabandha (West),V.86,River,Taapaa nadee (Tapi),Tapti / Tapi river,Tapi River,Maharashtra / Gujarat,River tirtha,Praised as a sin-cleansing river of western India.,unknown (large river),"Crosses Maharashtra/Gujarat, meeting the sea near Surat.",high,https://madhwafestivals.com/2017/02/09/theertha-prabandha/
34,West,Paschima Prabandha (West),V.87,River,Narmada nadee,Narmada / Reva river,Narmada River,Madhya Pradesh / Gujarat,River tirtha (source of Bana-lingas),Glorified as among the holiest rivers of the western circuit.,unknown (large river),Flows across central-western India to the Gulf of Khambhat.,high,https://madhwafestivals.com/2017/02/09/theertha-prabandha/
35,West,Paschima Prabandha (West),V.88-89,Kshetra,Prabhaasa Kshetra,"Prabhasa, Somnath",Somnath,Gujarat,Shiva (Somnath Jyotirlinga),"The site of the first jyotirlinga, where Chandra built a golden temple and installed the glorious Jyotirlinga.",Veraval,~6 km from Veraval on the Saurashtra coast.,high,https://madhwafestivals.com/2017/02/09/theertha-prabandha/
36,West,Paschima Prabandha (West),V.90-97,Tirtha,Banaganga Thirtha,Bhalka / Banaganga (Prabhasa region),"Banaganga Tirtha, near Somnath",Gujarat,Sacred spring tirtha (Krishna's departure),"The spring arose where Krishna, struck in the foot by the hunter Jara's arrow, drew it out — the Bana (arrow) Ganga.",Veraval,Near Somnath / Prabhasa.,high,https://madhwafestivals.com/2017/02/09/theertha-prabandha/
37,West,Paschima Prabandha (West),V.90-97,Kshetra,Dwaraka Krishna,"Dwarakadhisha, Dwaraka",Dwarka,Gujarat,Krishna (Dwarakadhisha),"Krishna's western capital, built after defeating Kushasura, said to have submerged after his avatar's mission.",Dwarka,Dwarka town on the western tip of Saurashtra.,high,https://madhwafestivals.com/2017/02/09/theertha-prabandha/
38,West,Paschima Prabandha (West),V.93-94,River,Gomathi nadee,Gomati river (Dwaraka),"Gomati River, Dwarka",Gujarat,River tirtha,The Gomati merges with the sea at Dwaraka and daily washes the feet of Dwarakanatha.,Dwarka,"At Dwarka, where the river meets the Arabian Sea.",high,https://madhwafestivals.com/2017/02/09/theertha-prabandha/
39,West,Paschima Prabandha (West),V.95-96,Tirtha,Chakra Thirtha,Chakratirtha (Dwaraka region),"Chakra Tirtha, near Dwarka",Gujarat,Sea tirtha (source of chakrankita stones),"Where the Chakra Tirtha merges into the sea, ordinary stones turn into chakrankita stones fit for worship like shaligramas.",Dwarka,Near Dwarka on the coast.,high,https://madhwafestivals.com/2017/02/09/theertha-prabandha/
40,West,Paschima Prabandha (West),V.96-97,Tirtha,Shankoddhara Tirtha,"Shankhoddhara, Bet Dwaraka",Bet Dwarka (Shankhoddhara),Gujarat,Krishna (slaying of demon Panchajanya),This island tirtha is associated with Krishna's victory over the demon Panchajanya (from whom the conch Panchajanya came).,Dwarka (then boat from Okha),"Island off Okha, ~30 km from Dwarka, reached by boat.",high,https://madhwafestivals.com/2017/02/09/theertha-prabandha/
41,West,Paschima Prabandha (West),V.90-97,Tirtha,Gopichandana,Gopi Talav / Gopi Chandana kshetra,"Gopi Talav, near Dwarka",Gujarat,Sacred clay (gopichandana) tirtha,Those who wear the gopichandana clay from here are said to become spiritually powerful and more knowledgeable.,Dwarka,Near Dwarka.,high,https://madhwafestivals.com/2017/02/09/theertha-prabandha/
42,West,Paschima Prabandha (West),V.98,Kshetra,Siddhapuri and Bindusarovara,"Siddhpur, Bindu Sarovar",Siddhpur (Bindu Sarovar),Gujarat,Kapila / Vishnu; sacred lake,"Siddhapuri bestows moksha, and Bindusarovara originates from the compassionate tears of Kapila.",Siddhpur,"Siddhpur town, northern Gujarat.",high,https://madhwafestivals.com/2017/02/09/theertha-prabandha/
43,West,Paschima Prabandha (West),V.99,Tirtha,Theertharaja Pushkara,"Pushkar, Pushkara Tirtharaja",Pushkar,Rajasthan,Vishnu (Varaha) / Brahma; Pushkar lake,"The concluding place of the western section: Vishnu remained here as Varaha after slaying Hiranyaksha, and the lake formed where Brahma's lotus (pushkara) fell, making it a supreme (tirtharaja) pilgrimage site.",Ajmer Junction (Pushkar has a small halt),~11–15 km from Ajmer.,high,https://madhwafestivals.com/2017/02/09/theertha-prabandha/
44,North,Uttara Prabandha (North),V.1-4,River,Krishnaveni nadee,Krishna-Veni; Krishna river,Krishna River (Krishna–Venna confluence),Maharashtra / Karnataka / Andhra Pradesh,Krishna (held present within the river),The Krishnaveni (confluence of Krishna and Veni) removes the sins of crores of births even by mere darshana; the commentary notes the river is treated grammatically as masculine because Lord Krishna Himself is present within it. It opens the Uttara section.,Wai/Satara or Sangli (upper Krishna sangama points),Sacred confluence points along the Krishna in western Maharashtra; reach by road from Satara/Sangli.,high,https://tirthaprabandha.wordpress.com/2017/11/29/krishnaveni-nadee/ | https://tirthaprabandha.wordpress.com/wp-content/uploads/2018/02/tirthaprabandha-english-translation-full.pdf
45,North,Uttara Prabandha (North),V.5-8,Kshetra,Pandarapura,Pandharpur; Pundarikapura,Pandharpur,Maharashtra,"Panduranga / Vittala (Vithoba), a form of Vishnu","Vadiraja praises the Vittala icon on the Bhimarathi (Chandrabhaga), reading its posture (hands on the waist, un-adorned) as signifying detachment and assurance of protection from samsara. A punya-kshetra revered by the Haridasa tradition.",Pandharpur (~60 km from Solapur),Rail to Pandharpur/Solapur; road from Solapur and Pune.,high,https://tirthaprabandha.wordpress.com/2017/11/30/pandarapura/ | https://tirthaprabandha.wordpress.com/wp-content/uploads/2018/02/tirthaprabandha-english-translation-full.pdf
46,North,Uttara Prabandha (North),V.9-11,River,Godavari nadee,Gautami Ganga; Dakshina Ganga,"Godavari River (source at Trimbak, near Nashik)",Maharashtra (source); flows to Andhra Pradesh,Ganga/Godavari (river goddess); linked to sage Gautama,"Ranked among India's seven great rivers, second only to the Ganga, originating at Tryambaka hill near Nashik from the episode of sage Gautama obtaining Ganga-water to revive a cow; it grants merit and bhakti to Krishna, and liberation.",Nashik Road (for the Trimbak source / Panchavati),Rail to Nashik Road; road to Trimbakeshwar (source) and Panchavati ghats.,high,https://tirthaprabandha.wordpress.com/2017/12/01/godavari-nadee/ | https://tirthaprabandha.wordpress.com/wp-content/uploads/2018/02/tirthaprabandha-english-translation-full.pdf
47,North,Uttara Prabandha (North),V.12,River,Yamuna nadee,Kalindi; Yami,Yamuna River,"Delhi / Uttar Pradesh (Mathura, Prayag)",Yamuna Devi (sister of Yama); linked to Krishna's realm,"The Yamuna purifies sinful devotees and, through her affection, ensures her devotees attain Shvetadvipa in the Ocean of Milk rather than any lesser destination.",Mathura Junction / Prayagraj Junction (bathing points),"Reachable at Mathura, Delhi and Prayagraj (Triveni) by rail and road.",high,https://tirthaprabandha.wordpress.com/2017/12/02/yamuna-nadee/ | https://tirthaprabandha.wordpress.com/wp-content/uploads/2018/02/tirthaprabandha-english-translation-full.pdf
48,North,Uttara Prabandha (North),V.13-14,Kshetra,Prayaga Kshetra,Triveni Sangama; Tirtharaja,Prayagraj (Allahabad),Uttar Pradesh,Veni Madhava (a form of Vishnu),"The Triveni confluence of Ganga, Yamuna and (subterranean) Saraswati is the supreme tirtha; remembrance of Veni Madhava equals an excellent yaga. The commentary calls the Triveni 'a pair of scissors for heaps of sin.'",Prayagraj Junction,Well connected by rail and air; Triveni Sangama reached by road/boat within the city.,high,https://tirthaprabandha.wordpress.com/2017/12/02/prayaga-kshetra/ | https://tirthaprabandha.wordpress.com/wp-content/uploads/2018/02/tirthaprabandha-english-translation-full.pdf
49,North,Uttara Prabandha (North),V.15-22,River,Ganga nadee,Bhagirathi; Vishnupadi,Ganga (Ganges) River,Uttarakhand / UP / Bihar / West Bengal,Ganga Devi; originates from Vishnu's feet,"The Ganga originates from the foot of Vishnu as Trivikrama, is collected by Brahma, descends onto Rudra's head and reaches earth through Bhagiratha's tapas; flowing through the three worlds, bathing in and devotion to her destroys sin and grants liberation.","Varies (Haridwar, Varanasi, Prayagraj)",Accessible at numerous ghats along its course by rail and road.,high,https://tirthaprabandha.wordpress.com/2017/12/03/ganga-nadee/ | https://tirthaprabandha.wordpress.com/wp-content/uploads/2018/02/tirthaprabandha-english-translation-full.pdf
50,North,Uttara Prabandha (North),V.23-26,Kshetra,Kashi Kshetra,Varanasi; Benares; Avimukta Kshetra,Varanasi,Uttar Pradesh,Bindu Madhava (Vishnu) and Vishwanatha (Rudra),"Among the seven moksha-puris, housing Bindu Madhava and Vishwanatha; constantly resolving 'I will go to Kashi' earns merit. The commentary presents Rudra here as a supreme devotee of Vishnu, and Kashi (between the Asi and Varana) as ideal for one's final days.",Varanasi Junction (Varanasi Cantt),Well connected by rail and air; ghats and temples within the city.,high,https://tirthaprabandha.wordpress.com/2017/12/06/kashi-kshetra/ | https://tirthaprabandha.wordpress.com/wp-content/uploads/2018/02/tirthaprabandha-english-translation-full.pdf
51,North,Uttara Prabandha (North),V.27-30,Kshetra,Gaya Kshetra,Vishnupada; Phalgu-tira,Gaya,Bihar,Gadadhara (Vishnu holding the mace); Vishnupada,"Vishnu resides at Gaya as Gadadhara and the Vishnupada marks where the Lord placed His foot on the dharma-stone. Performing shraddha once at Gaya, by the Phalgu, is said to redeem forefathers and negate the karma of many lifetimes.",Gaya Junction,Rail and air (Gaya airport); Vishnupada temple and Phalgu ghats within the city.,high,https://tirthaprabandha.wordpress.com/2017/12/08/gaya-kshetra/ | https://tirthaprabandha.wordpress.com/wp-content/uploads/2018/02/tirthaprabandha-english-translation-full.pdf
52,North,Uttara Prabandha (North),V.31-33,Kshetra,Mathura Kshetra,Madhupuri,Mathura,Uttar Pradesh,Sri Krishna (birthplace / avatara-kshetra),The avatara-kshetra where Krishna was born; good deeds done here destroy sin and the influence of Kali. The commentary pictures the city as guarded by detached devotees as its army and the Lord's name as its fortress.,Mathura Junction,Well connected by rail and road on the Delhi–Agra corridor.,high,https://tirthaprabandha.wordpress.com/2017/12/15/mathura-kshetra/ | https://tirthaprabandha.wordpress.com/wp-content/uploads/2018/02/tirthaprabandha-english-translation-full.pdf
53,North,Uttara Prabandha (North),V.34,Kshetra,Vrundavana,Vrindavan; Brindavan,Vrindavan,Uttar Pradesh,Sri Krishna (childhood leelas with the gopis),"The exceptionally holy forest of Krishna's boyhood sports with the gopis, fragrant and radiant with divine trees; the name is derived from the tapas of Vrunda, daughter of King Kedara.",Mathura Junction (nearest major); Vrindavan town station,Road from Mathura (~12 km); rail via Mathura Junction.,high,https://tirthaprabandha.wordpress.com/2017/12/15/vrundavana/ | https://tirthaprabandha.wordpress.com/wp-content/uploads/2018/02/tirthaprabandha-english-translation-full.pdf
54,North,Uttara Prabandha (North),V.35,Kshetra,Ayodhya,Saketa,Ayodhya,Uttar Pradesh,Sri Rama (on the Sarayu river),"'Resplendent like a chaste wife,' one of the seven moksha-puris; even during Rama's exile the city honoured His wooden sandals as His presence. Commentators note Vadiraja visited soon after the 1528 destruction of the Rama temple.",Ayodhya Dham Junction,Rail to Ayodhya/Faizabad; road and air (Ayodhya airport).,high,https://tirthaprabandha.wordpress.com/2017/12/16/ayodhya/ | https://tirthaprabandha.wordpress.com/wp-content/uploads/2018/02/tirthaprabandha-english-translation-full.pdf
55,North,Uttara Prabandha (North),V.36,Kshetra,Naimisharanya,Naimisha; Nimsar,Naimisharanya (Nimsar),Uttar Pradesh,Vishnu; site of the sages' sattra,A supreme sacred forest where 'the story of Krishna is like a creeper grown in the hearts of the great rishis' — where Suta narrated the Bhagavata and Puranas to Shaunaka and the assembled sages.,Sandila or Balamau (for Nimsar),Rail to Sandila/Sitapur then road; road from Lucknow (~90 km).,high,https://tirthaprabandha.wordpress.com/2017/12/16/naimisharanya/ | https://tirthaprabandha.wordpress.com/wp-content/uploads/2018/02/tirthaprabandha-english-translation-full.pdf
56,North,Uttara Prabandha (North),V.37,Kshetra,Hastinapura,Hastinapuri,Hastinapur (near Meerut),Uttar Pradesh,Celebrated for Pandava dharma/rule,"Its significance rests on the Pandavas' establishment of dharma, especially Bhima's valour defeating the Kaurava forces; the Pandavas ruled 36 years after the war and performed the Ashwamedha yaga.",Meerut City,Road from Meerut (~35 km); nearest rail at Meerut.,high,https://tirthaprabandha.wordpress.com/2017/12/16/hastinapura/ | https://tirthaprabandha.wordpress.com/wp-content/uploads/2018/02/tirthaprabandha-english-translation-full.pdf
57,North,Uttara Prabandha (North),V.38,Kshetra,Kurukshetra,Dharmakshetra; Samanta-panchaka,Kurukshetra,Haryana,Battlefield / Gita-sthala,"The battlefield where Bhimasena's mace ground the enemy hosts to pieces — the ground where the Bhagavad Gita and Vishnu Sahasranama were delivered and where Bhishma lay on his bed of arrows; an enduring seat of dharma, renowned for eclipse-time bathing.",Kurukshetra Junction,Rail on the Delhi–Ambala line; road via NH-44.,high,https://tirthaprabandha.wordpress.com/2017/12/16/kurukshetra/ | https://tirthaprabandha.wordpress.com/wp-content/uploads/2018/02/tirthaprabandha-english-translation-full.pdf
58,North,Uttara Prabandha (North),V.39,Kshetra,Shambala Kshetra,Sambhala; Sambhal,Sambhal,Uttar Pradesh,Kalki (prophesied final avatar of Vishnu),"The prophesied birthplace of Kalki, 'the one who will destroy the strength of Kali'; pilgrimage here is presented as a means to overcome the corrupting influence of the Kali age.",Chandausi / Sambhal Hatim Sarai,Rail to Chandausi/Sambhal; road from Moradabad.,high,https://tirthaprabandha.wordpress.com/2017/12/16/shambala-kshetra/ | https://tirthaprabandha.wordpress.com/wp-content/uploads/2018/02/tirthaprabandha-english-translation-full.pdf
59,North,Uttara Prabandha (North),V.40,Tirtha,Shat-prayaga,The Six Prayagas,"Prayaga, Vishnuprayag, Devprayag, Rudraprayag, Skandaprayag, Karnaprayag (Alaknanda confluences)",UP / Uttarakhand,Ganga confluences (Vishnu forms at each prayag),"The six prayagas from the main Prayaga up to the Bhima-setu at Badarinath; the commentary makes their turbulent waters a metaphor for uprooting the six inner enemies (kama, krodha, lobha, moha, mada, matsarya) and cleansing sin.",Rishikesh / Haridwar (for the Himalayan prayags),"Rail to Haridwar/Rishikesh, then road along the Alaknanda/Ganga toward Badarinath.",high,https://tirthaprabandha.wordpress.com/2017/12/16/shat-prayaga/ | https://tirthaprabandha.wordpress.com/wp-content/uploads/2018/02/tirthaprabandha-english-translation-full.pdf
60,North,Uttara Prabandha (North),V.41-46,Kshetra,Badari Kshetra,Vishala Badari; Badarinath,Badarinath,Uttarakhand,Badari Narayana (Vishnu / Nara-Narayana),"'The spiritual capital of Bharata-khanda,' used to establish Narayana's supremacy. The Alakananda flows here; nearby Vasudhara falls is where Hayagriva appeared at Brahma's sacrifice; caves of Vyasa and Ganesha are noted. This is the last place of the Uttara section.",Rishikesh (nearest railhead),"Rail to Rishikesh/Haridwar, then road (~295 km) via Devprayag–Joshimath.",high,https://tirthaprabandha.wordpress.com/2017/12/16/badari-kshetra/ | https://tirthaprabandha.wordpress.com/wp-content/uploads/2018/02/tirthaprabandha-english-translation-full.pdf
61,North,Uttara Prabandha (North),V.42,Kshetra,Uttara Badari,Uttara Badarikashrama,Hidden Himalayan region north of Vishala Badari,Himalayas (beyond Badarinath),Narayana; abode of Veda Vyasa and Sri Madhwacharya,"Distinguished from the commonly-visited Vishala Badari: a further-north Uttara Badari 'where Lord Veda Vyasa and Sri Madhwacharya reside even today,' revered as an inaccessible divine ashrama rather than an ordinary pilgrimage stop.",unknown (not publicly accessible),"Described as a hidden region beyond Badarinath, not reachable as a normal pilgrimage destination.",high,https://tirthaprabandha.wordpress.com/2017/12/16/badari-kshetra/ | https://tirthaprabandha.wordpress.com/wp-content/uploads/2018/02/tirthaprabandha-english-translation-full.pdf
62,East,Purva Prabandha (East),V.1,Tirtha,Ganga-sagara sangama,Gangasagar; Sagara sangama,Gangasagar (Sagar Island),West Bengal,Kapila / Ganga (Ganga's confluence with the sea),"Citing Madhwacharya's Mahabharata Tatparya Nirnaya, this is where the Ganga merges into the Bay of Bengal; the commentary ties it to the story of Varuna's curse. It opens the eastern circuit.",Kakdwip / Namkhana,"Rail to Kakdwip/Namkhana from Kolkata, then road to Lot-8/Harwood Point and ferry to Sagar Island.",high,https://tirthaprabandha.wordpress.com/2017/12/20/ganga-sagara-sangama/ | https://tirthaprabandha.wordpress.com/purva-prabandha/
63,East,Purva Prabandha (East),V.2,Kshetra,Puri Kshetra,Purushottama Kshetra; Jagannath Puri,Puri,Odisha,Jagannatha (with Balabhadra and Subhadra),One of the four celebrated kshetras of Bharata; the wooden murtis were fashioned by Vishwakarma from a log found in the sea. Vadiraja uses the shrine to stress tattvavada — the supremacy of Vishnu — as the essential 'handle.',Puri,Direct trains to Puri; ~60 km by road from Bhubaneswar.,high,https://tirthaprabandha.wordpress.com/2017/12/22/puri-kshetra/ | https://tirthaprabandha.wordpress.com/purva-prabandha/
64,East,Purva Prabandha (East),V.3,Kshetra,Srishaila,Srisailam; Mallikarjuna,Srisailam,Andhra Pradesh,Shiva as Mallikarjuna (jyotirlinga),One of the jyotirlingas; the linga is white like a mallika flower with the moon in Shiva's matted locks. Worship of Rudra here and a bath in the Devahrada yields merit equal to an Ashvamedha yaga.,Markapur Road (approx.),"Road from Hyderabad (~200 km), Kurnool or Nandyal; buses to Srisailam hill.",high,https://tirthaprabandha.wordpress.com/2017/12/22/srishaila/ | https://tirthaprabandha.wordpress.com/purva-prabandha/
65,East,Purva Prabandha (East),V.4-8,Kshetra,Ahobala,Ahobilam; Nava-Narasimha kshetra,Ahobilam,Andhra Pradesh,Narasimha,"Where Narasimha manifested to slay Hiranyakashipu and protect Prahlada; Vadiraja dwells on the paradoxical man-lion form as a mark of the Lord's transcendent, omnipresent nature.",Nandyal,"Rail to Nandyal (~65 km), then road to Lower and Upper Ahobilam.",high,https://tirthaprabandha.wordpress.com/2017/12/22/ahobala/ | https://tirthaprabandha.wordpress.com/purva-prabandha/
66,East,Purva Prabandha (East),V.9,River,Bhavanashini,Bhavanasini nadee,Bhavanasi river (Ahobilam),Andhra Pradesh,Sacred river; waters used for Narasimha's puja,The river at Ahobilam whose waters are used for the worship of Narasimha; invoked as washing the deity's lotus feet and thereby purifying the devotee's sins.,Nandyal,At Ahobilam; reach via Nandyal then road.,high,https://tirthaprabandha.wordpress.com/2017/12/23/bhavanashini/ | https://tirthaprabandha.wordpress.com/purva-prabandha/
67,East,Purva Prabandha (East),V.10,Tirtha,Nivrutti sangama,Sapta-nadi sangama,Nivrutti Sangamam (near Sangameswaram),Andhra Pradesh,Bhimeshwara (Shiva) at the confluence,"A confluence of seven rivers (including Krishnaveni, Malapahari, Bhimarathi, Tunga, Bhadra, Bhavanashini) where human doshas are removed and auspiciousness bestowed; now largely submerged by the Srisailam reservoir, visible only seasonally.",Kurnool City,Road from Kurnool (~30 km); seasonal access.,high,https://tirthaprabandha.wordpress.com/2017/12/23/nivrutti-sangama/ | https://tirthaprabandha.wordpress.com/purva-prabandha/
68,East,Purva Prabandha (East),V.11-12,River,Tungabhadra nadee,Tunga-Bhadra,Tungabhadra river,Karnataka / Andhra Pradesh,Sacred river,"The Tunga and Bhadra, said to originate from the tusks of Varaha, are sweet-watered rivers that destroy heaps of sins and form a path to moksha; they meet at Koodli in Shivamogga district.",Hosapete (Hospet) Junction (for the Hampi stretch),Accessed at various points; Hospet/Harihar/Koodli by road and rail.,high,https://tirthaprabandha.wordpress.com/2017/12/24/tungabhadra-nadee/ | https://tirthaprabandha.wordpress.com/purva-prabandha/
69,East,Purva Prabandha (East),V.13-16,Kshetra,Hampi,Pampa; Pampakshetra; Vijayanagara,Hampi,Karnataka,Vijaya Vittala (Vishnu); also Virupaksha (Shiva),Capital region of the 16th-century Vijayanagara empire; the Vijaya Vittala temple is celebrated and Pampa is revered as destroying sins by merely uttering its name. The Virupaksha temple is where Sri Vyasaraja composed the Shivastuti; the Vittala shrine was later damaged after Talikota.,Hosapete (Hospet) Junction,"Rail to Hosapete (~13 km), then road to Hampi.",high,https://tirthaprabandha.wordpress.com/2017/12/24/hampi/ | https://tirthaprabandha.wordpress.com/purva-prabandha/
70,East,Purva Prabandha (East),V.17-18,Kshetra,Anegondi,Gaja-gahvara; Kishkindha region,Anegondi (across Tungabhadra from Hampi),Karnataka,Hanuman's birthplace; Navavrindavana of Dvaita saints,"An early Vijayanagara capital and, in Madhwa tradition, the birthplace of Hanuman; nearby Navavrindavana holds the vrindavanas of nine Dvaita yatis (including Jayatirtha and Vyasatirtha). Vadiraja likens eight of them to the eight diggajas guarding Madhwa siddhanta.",Hosapete (Hospet) Junction,"Rail to Hosapete, then road; cross the Tungabhadra near Hampi.",high,https://tirthaprabandha.wordpress.com/2017/12/24/anegondi/ | https://tirthaprabandha.wordpress.com/purva-prabandha/
71,East,Purva Prabandha (East),V.19-29,Kshetra,Tirupati,Tirumala; Venkatadri; Bhuvaikuntha,Tirumala–Tirupati,Andhra Pradesh,Venkateshwara / Srinivasa (Vishnu),"One of the swayamvyakta maha-kshetras and 'Vaikuntha on earth,' attested in the Vedas, Pancharatra and over twelve Puranas (chiefly the Venkatesha Mahatmya). The hill is a manifestation of Shesha, and Swami Pushkarini is its foremost tank.",Tirupati,"Rail to Tirupati, then road/bus (or walk) up the ghat to Tirumala.",high,https://tirthaprabandha.wordpress.com/2017/12/25/tirupati/ | https://tirthaprabandha.wordpress.com/purva-prabandha/
72,East,Purva Prabandha (East),V.30,River,Suvarnamukhi nadee,Swarnamukhi river,Swarnamukhi river (Srikalahasti),Andhra Pradesh,Sacred river,The golden-hued river is invoked to make the pilgrim pure and grant a golden radiance of face; the famous Srikalahasti temple stands on its banks.,Srikalahasti,Rail to Srikalahasti / Renigunta; road from Tirupati (~35 km).,high,https://tirthaprabandha.wordpress.com/2017/12/28/suvarnamukhi-nadee/ | https://tirthaprabandha.wordpress.com/purva-prabandha/
73,East,Purva Prabandha (East),,Kshetra,Srikalahasti,Kalahasti; Dakshina Kailasa,Srikalahasti,Andhra Pradesh,Shiva as Kalahastiswara (Vayu-linga),Named in the Suvarnamukhi passage as the 'famous' temple on the river's banks; referenced within the Tirtha Prabandha's Suvarnamukhi verse rather than as a standalone entry.,Srikalahasti,Rail to Srikalahasti; road from Tirupati (~35 km).,medium,https://tirthaprabandha.wordpress.com/2017/12/28/suvarnamukhi-nadee/
74,East,Purva Prabandha (East),V.31-36,Kshetra,Kanchi Kshetra,Kanchipuram; Kanchi,Kanchipuram,Tamil Nadu,Varadaraja (Vishnu); also Ekamreshwara (Shiva) and Kamakshi,"Vadiraja celebrates Varadaraja, who appeared from the middle of Brahma's yajna-vedika; Kanchi is figured as the girdle (kanchi) of Bhudevi. He also notes the Ekamreshwara linga at the mango-tree root and the Kamakshi shrine.",Kanchipuram,Rail to Kanchipuram; road from Chennai (~75 km).,high,https://tirthaprabandha.wordpress.com/2017/12/28/kanchi-kshetra/ | https://tirthaprabandha.wordpress.com/purva-prabandha/
75,East,Purva Prabandha (East),V.37,Kshetra,Tiruvannamalai,Arunachala,Tiruvannamalai,Tamil Nadu,Shiva as Arunachaleswara (agni-tattva linga),The Arunachala hill is held to embody the agni-tattva linga of Shiva; the text notes the auspicious Kartika Pournami fire lit atop the hill.,Tiruvannamalai,Rail to Tiruvannamalai; road from Chennai (~180 km) via Vellore.,high,https://tirthaprabandha.wordpress.com/2017/12/30/tiruvannamalai/ | https://tirthaprabandha.wordpress.com/purva-prabandha/
76,East,Purva Prabandha (East),V.38,Kshetra,Tirukoiluru,Tirukovilur; Ulagalantha Perumal kshetra,Tirukoilur,Tamil Nadu,Vamana in Trivikrama form (Vishnu),"Per the sthala purana, where Vamana took the Trivikrama form and measured the whole brahmanda with the tip of his toe-nail; the temple has an unusually tall (~10 ft) Trivikrama murti.",Villupuram Junction (approx.),Road from Villupuram (~35 km) or Tiruvannamalai.,high,https://tirthaprabandha.wordpress.com/2017/12/30/tirukoiluru/ | https://tirthaprabandha.wordpress.com/purva-prabandha/
77,East,Purva Prabandha (East),V.39-40,Kshetra,Vruddhachaleshwara,Vriddhachalam; Pazhamalainathar,Vriddhachalam,Tamil Nadu,Shiva as Sadyojata (three-eyed),"A Paadal Petra Sthalam where, per the sthala purana, Shiva appeared to bless a rishi; presented as a sacred kshetra ~60 km from Tirukoilur.",Vriddhachalam Junction,Rail to Vriddhachalam; road from Tirukoilur (~60 km).,high,https://tirthaprabandha.wordpress.com/2017/12/30/vruddhachaleshwara/ | https://tirthaprabandha.wordpress.com/purva-prabandha/
78,East,Purva Prabandha (East),V.41,Kshetra,Srimushnam,Sri Bhuvaraha kshetra,Srimushnam,Tamil Nadu,Bhuvaraha (Varaha avatar of Vishnu),"Among the eight swayamvyakta kshetras; where Varaha incarnated to slay Hiranyaksha and, after rescuing Bhudevi, took residence. Sri Madhwacharya performed a chaturmasya here, and a carved image of Madhwa on a temple pillar is worshipped to this day.",Chidambaram / Vriddhachalam (approx.),Road from Chidambaram (~25 km) or Vriddhachalam.,high,https://tirthaprabandha.wordpress.com/2017/12/30/srimushnam/ | https://tirthaprabandha.wordpress.com/purva-prabandha/
79,East,Purva Prabandha (East),V.42-43,Kshetra,Kumbhakona Kshetra,Kumbhakonam; Kamakoshneepura,Kumbakonam,Tamil Nadu,Sharangapani (Vishnu); also Kumbheshwara (Shiva),"One of the most famous tirtha-kshetras of South India, dense with temples; its five principal shrines are Sharangapani, Kumbheshwara, Vageeshwara, Ramaswamy and Chakrapani.",Kumbakonam,Rail to Kumbakonam; road from Thanjavur (~40 km).,high,https://tirthaprabandha.wordpress.com/2017/12/30/kumbhakona-kshetra/ | https://tirthaprabandha.wordpress.com/purva-prabandha/
80,South,Dakshina Prabandha (South),V.1-8,Kshetra,Srirangam,Antya Ranga (of the three Ranga-kshetras),Srirangam (near Tiruchirappalli),Tamil Nadu,"Ranganatha (Vishnu on Shesha, with Sri and Bhudevi)","One of the self-manifested (svayam-vyakta) shrines of Vishnu, with seven concentric prakaras. The commentary recounts the deity was given by Brahma to Ikshvaku, entrusted by Rama to Vibhishana, and remained here through King Dharmavarma's merit.",Srirangam (SRGM); junction Tiruchirappalli (TPJ),"On Srirangam island in the Kaveri, ~10 km from Tiruchirappalli; rail/road via Trichy.",high,https://tirthaprabandha.wordpress.com/2018/01/01/srirangam/ | https://tirthaprabandha.wordpress.com/dakshina-prabandha/
81,South,Dakshina Prabandha (South),V.9,Tirtha,Chandrapushkarani Tirtha,Chandra Pushkarani,"Sacred tank, fifth prakara of Srirangam temple",Tamil Nadu,Chandra (Moon deity),"Chandra performed tapas here after leaving the Ganga in Shiva's hair, so his sannidhana at this tirtha is exceptionally strong; the commentary says only an unfortunate person would fail to worship Chandra here.",Srirangam (SRGM) / Tiruchirappalli (TPJ),Within the Srirangam temple complex (fifth enclosure).,high,https://tirthaprabandha.wordpress.com/2018/01/13/chandrapushkarani-tirtha/
82,South,Dakshina Prabandha (South),V.10-11,River,Kaveri nadee,Kaveri (Cauvery) river,Kaveri river,Karnataka / Tamil Nadu,Associated with Ranganatha on its river-islands,"'The mother of the people of Chola desha' and 'the giver of both bhukti and mukti'; Ranganatha is enshrined on the islands where the river splits and rejoins at the three Ranga-kshetras. Celebrated in the Vedas, Mahabharata and Bhagavata.",unknown (river),Flows through Karnataka and Tamil Nadu; sacred bathing points at the Ranga-kshetras.,high,https://tirthaprabandha.wordpress.com/2018/01/13/kaveri-nadee/
83,South,Dakshina Prabandha (South),V.12,Kshetra,Vrushabhachala,Alagar Koil / Azhagar Koil; Kallazhagar,Alagar Koil (Alagar Hills),Tamil Nadu,"Sundararaja (Kallazhagar), a form of Narayana",Yama performed intense tapas at this hill to obtain the darshan of Narayana as Sundararaja; the deity is likened to the shining moon adorning the sacred hill.,Madurai Junction (MDU),~20 km northeast of Madurai in the Alagar Hills.,high,https://tirthaprabandha.wordpress.com/2018/01/14/vrushabhachala/
84,South,Dakshina Prabandha (South),V.13,Tirtha,Nupuraganga Tirtha,Nupura Ganga,Nupura Gangai (tank/stream at Alagar Koil),Tamil Nadu,Associated with Vishnu (from the Lord's anklet/nupura),At Vrushabhachala; said to have issued from the Lord's anklet. Vadiraja invokes its waters to relieve him from 'the slush of the hard group of sins' and to sanctify the heart.,Madurai Junction (MDU),"At/near Alagar Koil, ~20 km from Madurai.",high,https://tirthaprabandha.wordpress.com/2018/01/14/nupuraganga-tirtha/
85,South,Dakshina Prabandha (South),V.14,Kshetra,Darbhashayana,Darbhasayanam / Thirupullani (Adi Jagannatha),Thirupullani,Tamil Nadu,Rama (two-armed reclining form on darbha grass),Where Rama lay on a bed of kusha (darbha) grass awaiting the ocean's permission to cross to Lanka — the same grass he had once turned into a weapon to protect Sita; the commentary also links the site with Vibhishana's surrender.,Ramanathapuram (RMD),"Near Ramanathapuram, en route to Rameswaram.",high,https://tirthaprabandha.wordpress.com/2018/01/14/darbhashayana/
86,South,Dakshina Prabandha (South),V.15-20,Tirtha,Ramasetu,"Rama Setu, Setu (Adam's Bridge)",Rama Setu (shoals between Dhanushkodi and Sri Lanka),Tamil Nadu (to Sri Lanka),Associated with Rama,The bridge built by the vanara army is extolled as a 'touchstone' generating faith in Rama's glory; the ocean's tides are pictured as rising in devotion at each stone that bears the dust of Rama's feet.,Rameswaram (RMM),Reached from Rameswaram / Dhanushkodi at the southeastern tip of Pamban island.,high,https://tirthaprabandha.wordpress.com/2018/01/14/ramasetu/
87,South,Dakshina Prabandha (South),V.21-25,Kshetra,Rameshwara,Rameswaram; Gandhamadana,Rameswaram (Pamban island),Tamil Nadu,Shiva as Rameshwara (linga established by Rama),"Among the four greatest pilgrimage sites of Bharata (with Dwaraka, Badari and Puri). The commentary argues Rama installed the linga for lokashikshana (public instruction), not to expiate sin — since Rama himself destroys all sin and Shiva meditates on the Rama-mantra.",Rameswaram (RMM),"On Pamban island, connected by the Pamban rail/road bridge from Mandapam.",high,https://tirthaprabandha.wordpress.com/2018/01/20/rameshwara/
88,South,Dakshina Prabandha (South),V.26-29,Kshetra,Dhanushkoti,Dhanushkodi,Dhanushkodi,Tamil Nadu,Associated with Rama,"Citing the Skanda Purana, Rama broke the Setu here with the reverse tip of his bow to reassure Vibhishana; visiting is said to grant merit equal to bathing at numerous tirthas.",Rameswaram (RMM),~20 km beyond Rameswaram at the eastern tip of Pamban island.,high,https://tirthaprabandha.wordpress.com/2018/01/23/dhanushkoti/
89,South,Dakshina Prabandha (South),V.30,River,Tamraparni nadee,Tamraparni river,Thamirabarani river,Tamil Nadu,River (associated with devotion to Hari),"The Tamraparni bestows moksha, illustrated by the image that 'even a shell in that river gives liberation to the water fallen into it' (i.e. produces pearls); its waters increase bhakti toward Hari.",Tirunelveli (TEN),Flows through the Tirunelveli region of southern Tamil Nadu.,high,https://tirthaprabandha.wordpress.com/2018/01/27/tamraparni-nadee/
90,South,Dakshina Prabandha (South),V.31,Mountain,Mahendra parvata,Mahendragiri,Mahendragiri (Western Ghats peak),Tamil Nadu,Associated with Hanuman,"The launch point of Hanuman's leap to Lanka; the force of his leap is said to have sunk most of the mountain into the earth, reframed as the mountain descending to carry to Bhudevi the assurance that Hanuman had reached Sita.",Nagercoil Junction (NCJ) / Tirunelveli (TEN),Peak near the Kanyakumari–Tirunelveli border (note: some traditions place Hanuman's Mahendragiri in Odisha).,high,https://tirthaprabandha.wordpress.com/2018/01/27/mahendra-parvata/
91,South,Dakshina Prabandha (South),V.32-35,Kshetra,Kanyakumari Kshetra,Kanyatirtha,Kanyakumari,Tamil Nadu,Kanyakumari Devi (identified with Mahalakshmi),"At the southern tip of Bharata where three seas meet; the Devi grants wealth, health and moksha. She took the form of a virgin (kanya) to slay the demon Bana, who could be killed only by a maiden. Madhvacharya visited on his southern tour; Agastya did tapas nearby.",Kanyakumari (CAPE),Southernmost tip of the Indian mainland; rail terminus at Kanyakumari.,high,https://tirthaprabandha.wordpress.com/2018/01/27/kanyakumari-kshetra/
92,South,Dakshina Prabandha (South),V.36,Kshetra,Shuchindra Kshetra,Suchindram,Suchindram,Tamil Nadu,Thanumalayan / Sthanumalayan Swamy (trinity shrine),The name derives from the tradition that Indra was purified here after Gautama Muni's curse; the commentary draws a moral that purifying an ordinary helpless person's mind yields greater merit than purifying even a powerful deity like Indra.,Nagercoil Junction (NCJ) / Kanyakumari (CAPE),"~10–13 km from Kanyakumari, near Nagercoil.",high,https://tirthaprabandha.wordpress.com/2018/01/28/shuchindra-kshetra/
93,South,Dakshina Prabandha (South),V.37,Kshetra,Tiruvattar,Adikeshava / Adi Kesava Perumal,Thiruvattar,Tamil Nadu,"Adi Kesava Perumal (Vishnu reclining, Anantashayana form)","A reclining form of the Lord described as flawless and 'the ocean of all auspicious attributes'; the very large murti (~18 ft) is viewed through three doorways, with a slain demon placed near the Lord's feet — parallel to Padmanabha.",Nagercoil Junction (NCJ),"~20 km from Thiruvananthapuram / ~30 km from Nagercoil, in Kanyakumari district.",high,https://tirthaprabandha.wordpress.com/2018/01/28/tiruvattar/
94,South,Dakshina Prabandha (South),V.38,River,Ghrutamala nadee,Ghrtamala,River near Thiruvananthapuram (identification uncertain),Kerala,River,"Symbolizes the destruction of sins through knowledge: like ghee (ghrta) feeding a flame, its waters are the 'root cause in lighting the fire of perfect knowledge' that burns away ignorance, granting jnana to bathers.",Thiruvananthapuram Central (TVC),Near Anantashayana (Thiruvananthapuram).,high,https://tirthaprabandha.wordpress.com/2018/01/28/ghrutamala-nadee/
95,South,Dakshina Prabandha (South),V.39-45,Kshetra,Anantashayana Kshetra,"Ananta Padmanabha, Padmanabha",Thiruvananthapuram (Sri Padmanabhaswamy temple),Kerala,Vishnu as Ananta Padmanabha (reclining on Shesha),"The Lord's reclining posture shows His infinite power in effortlessly governing the universe; the enormous murti is viewed through three doors (feet, mid-body, face), linked by the commentary to the Taittiriya Upanishad. Madhvacharya visited on his southern pilgrimage. Concluding kshetra of the section.",Thiruvananthapuram Central (TVC),In Thiruvananthapuram city; ~85 km from Kanyakumari.,high,https://tirthaprabandha.wordpress.com/2018/01/28/anantashayana-kshetra/
